.structStaticCharacterROMEntry 1,.structDynamicCharacterROMEntry,.structEnemyCharacterROMEntry,Type,HP,STR,MAG,SKL,SPD,DEF,RES,LUK,Class,Level,LeadershipStars,Money,ID,Name,GenerationID,Gender,Unknown,HPGrowth,STRGrowth,MAGGrowth,SKLGrowth,SPDGrowth,DEFGrowth,RESGrowth,LUKGrowth,Skills1,Skills2,Skills3,HolyBlood1,HolyBlood2,Equipment1,Equipment2,UniqueEquipment,Influence
Sigurd,,,UnitTypeStatic,35,4,0,4,5,2,0,7,KnightLord,5,2,5,$0001,SigurdName,$01,GenderMale,0,70,30,5,30,30,40,5,20,UnitSkill1Pursuit,None,None,MajorBaldrBlood,None,PI_SteelSword1,PI_IronLance1,NoItem,
Naoise,,,UnitTypeStatic,33,4,0,1,2,2,0,4,Cavalier,3,0,2,$0002,NaoiseName,$02,GenderMale,0,80,40,5,30,20,40,5,20,None,UnitSkill2Critical | UnitSkill2Accost,None,None,None,PI_SteelSword3,NoItem,NoItem,
Alec,,,UnitTypeStatic,32,2,0,3,4,1,0,4,Cavalier,2,0,2,$0003,AlecName,$03,GenderMale,0,70,30,5,40,30,30,5,30,UnitSkill1Pursuit | UnitSkill1Nihil,None,None,None,None,PI_IronSword1,NoItem,NoItem,
Arden,,,UnitTypeStatic,36,4,0,0,1,3,0,3,SwordArmor,3,0,2,$0004,ArdenName,$04,GenderMale,0,90,50,5,10,20,40,5,10,None,UnitSkill2Vantage,None,None,None,PI_IronSword3,NoItem,NoItem,
Finn,,,UnitTypeStatic,32,2,0,2,4,1,0,8,LanceKnight,1,0,2,$0005,FinnName,$05,GenderMale,0,70,30,5,40,30,30,5,50,UnitSkill1Pursuit | UnitSkill1Miracle,None,UnitSkill3Escape,None,None,PI_IronLance2,NoItem,NoItem,
Quan,,,UnitTypeStatic,34,4,0,3,3,2,0,5,DukeKnight,4,2,5,$0006,QuanName,$06,GenderMale,0,70,30,5,30,20,30,5,10,UnitSkill1Adept,None,UnitSkill3Escape,MajorNjorunBlood,None,PI_SteelLance1,PI_Javelin1,NoItem,
Midir,,,UnitTypeStatic,32,2,0,1,3,1,0,3,BowKnight,2,0,2,$0007,MidirName,$07,GenderMale,0,60,30,5,30,40,30,5,10,UnitSkill1Pursuit,UnitSkill2Accost,None,None,None,PI_IronBow1,NoItem,NoItem,
Lewyn,,,UnitTypeStatic,34,1,5,5,6,2,2,7,Bard,6,0,8,$0008,LewynName,$08,GenderMale,0,50,10,30,40,30,20,10,20,UnitSkill1Adept,UnitSkill2Critical,None,None,MajorForsetiBlood,PI_Elwind,NoItem,NoItem,
Chulainn,,,UnitTypeStatic,40,7,0,7,7,6,1,1,Myrmidon,12,0,10,$0009,ChulainnName,$09,GenderMale,0,90,30,5,50,30,30,5,20,None,UnitSkill2Luna,None,MinorOdBlood,None,PI_IronBlade1,NoItem,NoItem,
Azelle,,,UnitTypeStatic,30,0,3,1,3,1,1,2,Mage,1,0,5,$000A,AzelleName,$0A,GenderMale,0,50,10,10,20,50,20,10,20,UnitSkill1Pursuit,None,None,MinorFjalarBlood,None,PI_Fire1,NoItem,NoItem,
Jamke,,,UnitTypeStatic,36,4,0,4,4,4,0,4,Archer,6,1,5,$000B,JamkeName,$0B,GenderMale,0,90,50,0,10,30,30,5,40,UnitSkill1Adept,UnitSkill2Accost,None,None,None,PI_KillerBow,NoItem,NoItem,
Claud,,,UnitTypeStatic,34,0,9,5,7,2,12,9,HighPriest,20,0,10,$000C,ClaudName,$0C,GenderMale,0,50,10,20,20,30,20,10,30,None,None,None,None,MajorBragiBlood,PI_Fortify,PI_ValkyrieStaff,NoItem,
Beowulf,,,UnitTypeStatic,38,7,0,5,5,4,0,3,FreeKnight,9,0,2,$000D,BeowulfName,$0D,GenderMale,0,80,40,0,40,30,30,5,20,UnitSkill1Pursuit,UnitSkill2Accost,None,None,None,PI_SteelSword2,NoItem,NoItem,
Lex,,,UnitTypeStatic,33,3,0,4,5,3,0,8,AxeKnight,4,0,5,$000E,LexName,$0E,GenderMale,0,70,40,5,20,20,20,5,20,None,UnitSkill2Vantage,UnitSkill3Paragon,MinorNalBlood,None,PI_IronAxe1,NoItem,NoItem,
Dew,,,UnitTypeStatic,28,0,0,3,8,0,0,12,Thief,1,0,15,$000F,DewName,$0F,GenderMale,0,50,40,10,40,40,40,10,40,None,UnitSkill2Sol,UnitSkill3Bargain,None,None,PI_IronSword4,NoItem,NoItem,
Deirdre,,,UnitTypeStatic,26,0,6,2,5,0,6,6,Priestess,3,0,1,$0010,DeirdreName,$10,GenderFemale,0,40,10,10,20,10,10,10,10,UnitSkill1PoW | UnitSkill1Nihil,None,None,MajorNagaBlood,MinorLoptousBlood,PI_SilenceStaff,PI_Aura,NoItem,
Ethlyn,,,UnitTypeStatic,28,2,5,5,6,1,3,8,Troubadour,1,0,4,$0011,EthlynName,$11,GenderFemale,0,40,20,5,20,30,20,10,10,None,UnitSkill2Critical,UnitSkill3Escape,MinorBaldrBlood,None,PI_SlimSword1,PI_HealStaff1,NoItem,
Lachesis,,,UnitTypeStatic,26,1,1,4,5,2,2,5,Princess,2,0,10,$0012,LachesisName,$12,GenderFemale,0,40,20,5,10,20,20,10,40,UnitSkill1Charm,None,None,None,MinorHothrBlood,PI_MiracleSword,PI_HealStaff2,NoItem,
Ayra,,,UnitTypeStatic,32,4,0,6,7,2,1,3,Myrmidon,4,0,3,$0013,AyraName,$13,GenderFemale,0,50,30,5,30,30,20,5,20,UnitSkill1Nihil,UnitSkill2Astra,None,MinorOdBlood,None,PI_IronBlade2,NoItem,NoItem,
Erinys,,,UnitTypeStatic,32,4,1,5,6,4,2,7,PegasusKnight,6,1,8,$0014,ErinysName,$14,GenderFemale,0,50,20,10,20,30,30,10,20,UnitSkill1Pursuit,None,None,None,None,PI_SlimLance1,NoItem,NoItem,
Tailtiu,,,UnitTypeStatic,28,0,3,6,4,0,4,9,ThunderMage,3,0,5,$0015,TailtiuName,$15,GenderFemale,0,40,10,20,30,40,10,10,50,UnitSkill1Wrath,None,None,None,MinorThrudBlood,PI_Thoron,PI_Thunder1,NoItem,
Silvia,,,UnitTypeStatic,28,0,0,3,5,0,2,6,Dancer,1,0,5,$0016,SilviaName,$16,GenderFemale,0,40,10,20,10,10,10,20,20,UnitSkill1Adept | UnitSkill1Miracle,None,None,None,MinorBragiBlood,PI_SlimSword3,NoItem,NoItem,
Edain,,,UnitTypeStatic,28,0,6,2,3,0,3,11,Priest,3,0,5,$0017,EdainName,$17,GenderFemale,0,50,20,30,20,30,20,5,30,None,None,None,MinorUllrBlood,None,PI_MendStaff1,NoItem,NoItem,
Brigid,,,UnitTypeStatic,40,8,0,10,9,7,6,7,Sniper,12,0,10,$0018,BrigidName,$18,GenderFemale,0,50,30,20,30,20,20,5,10,None,None,None,MajorUllrBlood,None,PI_SteelBow1,NoItem,NoItem,
,Seliph,,UnitTypeDynamic,,,,,,,,,JuniorLord,1,,,$0019,SeliphName,$01,GenderMale,,,,,,,,,,,,,,,PI_SlimSword4,NoItem,,1
Shannan,,,UnitTypeStatic,38,6,0,7,8,6,1,10,Swordmaster,12,0,5,$001A,ShannaName,$02,GenderMale,0,80,30,5,20,20,40,5,20,None,UnitSkill2Astra,None,MajorOdBlood,None,PI_SteelBlade2,NoItem,NoItem,
Dalvin,,,UnitTypeStatic,30,3,0,3,3,3,0,4,Myrmidon,1,0,2,$001B,DalvinName,$03,GenderMale,0,80,30,5,50,30,30,5,20,None,UnitSkill2Vantage,None,None,None,PI_IronBlade3,NoItem,NoItem,
Asaello,,,UnitTypeStatic,36,5,1,5,5,5,1,3,Archer,9,0,2,$001C,AsaelloName,$04,GenderMale,0,90,40,5,10,20,30,5,60,None,UnitSkill2Accost,None,None,None,PI_SilverBow2,NoItem,NoItem,
,Leif,,UnitTypeDynamic,,,,,,,,,Prince,1,,,$001D,LeifName,$05,GenderMale,,,,,,,,,,,,,,,NoItem,NoItem,,0
Iuchar,,,UnitTypeStatic,40,8,0,4,6,6,1,5,AxeKnight,12,0,5,$001E,IucharName,$06,GenderMale,0,90,40,5,20,50,30,5,10,None,UnitSkill2Vantage,None,MinorNalBlood,None,PI_SteelAxe2,NoItem,PI_SpeedRing1,
Charlot,,,UnitTypeStatic,24,0,4,2,3,2,2,3,Priest,1,0,5,$001F,CharlotName,$07,GenderMale,0,70,10,50,20,20,10,30,30,None,None,UnitSkill3Paragon,None,None,PI_PhysicStaff2,NoItem,NoItem,
Hawk,,,UnitTypeStatic,38,3,7,6,8,6,5,4,Sage,14,0,5,$0020,HawkName,$08,GenderMale,0,60,10,20,20,50,20,10,20,UnitSkill1Pursuit,None,None,None,None,PI_Light1,NoItem,NoItem,
Tristan,,,UnitTypeStatic,30,4,0,4,4,4,0,5,FreeKnight,3,0,5,$0021,TristanName,$09,GenderMale,0,130,30,5,30,20,30,5,10,None,UnitSkill2Critical,None,None,None,PI_IronSword5,NoItem,NoItem,
AdultFinn,,,UnitTypeStatic,0,0,0,0,0,0,0,0,LanceKnight,0,0,0,$0022,AdultFinnName,$0A,GenderMale,0,70,30,5,40,30,30,5,50,UnitSkill1Pursuit | UnitSkill1Miracle,None,None,None,None,PI_IronLance4,NoItem,NoItem,
Deimne,,,UnitTypeStatic,30,2,0,1,3,2,0,3,BowKnight,1,0,2,$0023,DimnaName,$0B,GenderMale,0,90,30,5,50,20,40,5,30,UnitSkill1Pursuit,None,None,None,None,PI_IronBow2,NoItem,NoItem,
Hannibal,,,UnitTypeStatic,60,10,0,10,6,10,3,7,General,20,5,5,$0024,HannibalName,$0C,GenderMale,0,60,50,5,10,10,30,5,10,UnitSkill1Adept,UnitSkill2Vantage,None,None,None,PI_SilverBlade2,PI_Wingclipper2,NoItem,
Ares,,,UnitTypeStatic,40,6,4,6,7,6,4,6,Cavalier,7,0,3,$0025,AresName,$0D,GenderMale,0,90,30,5,20,30,40,30,50,UnitSkill1Pursuit | UnitSkill1Adept,UnitSkill2Vantage,None,None,MajorHothrBlood,PI_Mystletainn,PI_IronLance5,NoItem,
Amid,,,UnitTypeStatic,29,1,4,4,5,3,4,6,WindMage,2,0,3,$0026,AmidName,$0E,GenderMale,0,70,20,40,20,40,20,20,20,UnitSkill1Adept,None,None,None,MinorThrudBlood,PI_Wind2,NoItem,NoItem,
Oifey,,,UnitTypeStatic,40,7,4,8,7,8,3,8,Paladin,15,0,5,$0027,OifeyName,$0F,GenderMale,0,80,30,5,40,30,30,10,30,UnitSkill1Pursuit,UnitSkill2Critical,None,MinorBaldrBlood,None,PI_Armorslayer2,PI_Javelin3,NoItem,
Daisy,,,UnitTypeStatic,24,0,1,1,6,1,3,6,Thief,1,0,5,$0028,DaisyName,$10,GenderFemale,0,50,10,10,30,50,20,10,30,UnitSkill1Miracle,None,None,None,None,PI_SleepSword,NoItem,NoItem,
Creidne,,,UnitTypeStatic,28,2,0,3,5,2,1,3,Myrmidon,1,0,2,$0029,RadneyName,$11,GenderFemale,0,70,40,5,30,40,30,20,20,None,None,None,None,None,PI_IronBlade4,NoItem,NoItem,
Muirne,,,UnitTypeStatic,24,0,3,1,4,0,3,5,Priest,1,0,2,$002A,MuirneName,$12,GenderFemale,0,50,10,30,20,20,10,20,40,None,None,None,None,None,PI_HealStaff3,NoItem,NoItem,
Julia,,,UnitTypeStatic,24,0,3,1,4,0,4,5,Priestess,1,0,2,$002B,JuliaName,$13,GenderFemale,0,50,10,30,20,30,10,10,30,UnitSkill1Pursuit | UnitSkill1Adept | UnitSkill1PoW | UnitSkill1Nihil,None,None,MinorFjalarBlood | MajorNagaBlood,None,NoItem,NoItem,NoItem,
,Altena,,UnitTypeDynamic,,,,,,,,,Dragonknight,17,,,$002C,AltenaName,$14,GenderFemale,,,,,,,,,,,,,,,PI_GaeBolg,NoItem,,1
Hermina,,,UnitTypeStatic,28,3,1,2,4,2,2,3,PegasusKnight,2,0,3,$002D,FeminaName,$15,GenderFemale,0,60,30,10,20,50,20,5,50,UnitSkill1Adept,None,None,None,None,PI_SlimLance2,PI_BerserkSword,NoItem,
Linda,,,UnitTypeStatic,26,0,4,3,3,1,2,2,ThunderMage,3,0,5,$002E,LindaName,$16,GenderFemale,0,70,10,40,10,30,10,20,20,UnitSkill1Wrath,None,UnitSkill3Paragon,None,MinorThrudBlood,PI_Elthunder,NoItem,NoItem,
Laylea,,,UnitTypeStatic,24,1,0,0,6,0,1,4,Dancer,3,0,3,$002F,LayleaName,$17,GenderFemale,0,50,50,10,20,40,20,20,30,UnitSkill1Charm,None,None,None,None,NoItem,NoItem,NoItem,
Jeanne,,,UnitTypeStatic,30,3,4,3,5,2,3,4,Troubadour,3,0,2,$0030,JeanneName,$18,GenderFemale,0,60,20,20,50,20,30,20,10,None,None,None,None,None,PI_IronSword6,PI_MendStaff3,NoItem,
Iucharba,,,UnitTypeStatic,42,8,0,4,6,6,1,5,Fighter,12,0,5,$0031,IucharbaName,$06,GenderMale,0,90,40,0,50,10,30,5,10,None,UnitSkill2Accost,None,MinorNalBlood,None,PI_SteelAxe3,NoItem,PI_ParagonBand,
,Scathach,,UnitTypeDynamic,,,,,,,,,Myrmidon,1,,,$0032,ScathachName,$03,GenderMale,,,,,,,,,,,,,,,PI_IronBlade3,NoItem,,1
,Febail,,UnitTypeDynamic,,,,,,,,,Archer,9,,,$0033,FebailName,$04,GenderMale,,,,,,,,,,,,,,,PI_SilverBow2,NoItem,,0
,Coirpre,,UnitTypeDynamic,,,,,,,,,Priest,1,,,$0034,CoirpreName,$07,GenderMale,,,,,,,,,,,,,,,PI_PhysicStaff2,NoItem,,1
,Ced,,UnitTypeDynamic,,,,,,,,,Sage,14,,,$0035,CedName,$08,GenderMale,,,,,,,,,,,,,,,PI_Light1,NoItem,,1
,Diarmuid,,UnitTypeDynamic,,,,,,,,,FreeKnight,3,,,$0036,DiarmuidName,$09,GenderMale,,,,,,,,,,,,,,,PI_IronSword5,NoItem,,1
,Lester,,UnitTypeDynamic,,,,,,,,,BowKnight,1,,,$0037,LesterName,$0B,GenderMale,,,,,,,,,,,,,,,PI_IronBow2,NoItem,,1
,Arthur,,UnitTypeDynamic,,,,,,,,,Mage,2,,,$0038,ArthurName,$0E,GenderMale,,,,,,,,,,,,,,,PI_Wind2,NoItem,,1
,Patty,,UnitTypeDynamic,,,,,,,,,Thief,1,,,$0039,PattyName,$10,GenderFemale,,,,,,,,,,,,,,,PI_SleepSword,NoItem,,1
,Larcei,,UnitTypeDynamic,,,,,,,,,Myrmidon,1,,,$003A,LarceiName,$11,GenderFemale,,,,,,,,,,,,,,,PI_IronBlade4,NoItem,,0
,Lana,,UnitTypeDynamic,,,,,,,,,Priest,1,,,$003B,LanaName,$12,GenderFemale,,,,,,,,,,,,,,,PI_HealStaff3,NoItem,,0
,Fee,,UnitTypeDynamic,,,,,,,,,PegasusKnight,2,,,$003C,FeeName,$15,GenderFemale,,,,,,,,,,,,,,,PI_SlimLance2,PI_BerserkSword,,0
,Tine,,UnitTypeDynamic,,,,,,,,,Mage,3,,,$003D,TineName,$16,GenderFemale,,,,,,,,,,,,,,,PI_Elthunder,NoItem,,0
,Lene,,UnitTypeDynamic,,,,,,,,,Dancer,3,,,$003E,LeneName,$17,GenderFemale,,,,,,,,,,,,,,,NoItem,NoItem,,0
,Nanna,,UnitTypeDynamic,,,,,,,,,Troubadour,3,,,$003F,NannaName,$18,GenderFemale,,,,,,,,,,,,,,,PI_IronSword6,PI_MendStaff3,,0
,,Gerrard,UnitTypeEnemy,,,,,,,,,Fighter,20,2,,$0040,GerrardName,,GenderMale,$01,,,,,,,,,,,,,,SteelAxe,HandAxe,NoItem,
,,DiMaggio,UnitTypeEnemy,,,,,,,,,Fighter,10,1,,$0041,DiMaggioName,,GenderMale,$FF,,,,,,,,,,,,,,SteelAxe,NoItem,NoItem,
,,EvansBarbarianHandAxe,UnitTypeEnemy,,,,,,,,,Barbarian,10,0,,$0042,EvansBarbarianHandAxeName,,Genderless,$FF,,,,,,,,,,,,,,HandAxe,NoItem,NoItem,
,,EvansGuardBarbarian,UnitTypeEnemy,,,,,,,,,Barbarian,5,0,,$0043,EvansGuardBarbarianName,,Genderless,$FF,,,,,,,,,,,,,,IronAxe,NoItem,NoItem,
,,EvansGuardHunter,UnitTypeEnemy,,,,,,,,,Hunter,5,0,,$0044,EvansGuardHunterName,,Genderless,$FF,,,,,,,,,,,,,,IronBow,NoItem,NoItem,
,,EvansChargeBarbarian,UnitTypeEnemy,,,,,,,,,Barbarian,1,0,,$0045,EvansChargeBarbarianName,,Genderless,$FF,,,,,,,,,,,,,,IronAxe,NoItem,NoItem,
,,EvansChargeHunter,UnitTypeEnemy,,,,,,,,,Hunter,1,0,,$0046,EvansChargeHunterName,,Genderless,$FF,,,,,,,,,,,,,,IronBow,NoItem,NoItem,
,,EvansBrigand,UnitTypeEnemy,,,,,,,,,Brigand,1,0,,$0047,EvansBrigandName,,Genderless,$FF,,,,,,,,,,,,,,IronAxe,NoItem,NoItem,
,,Cimbaeth,UnitTypeEnemy,,,,,,,,,Warrior,10,2,,$0048,CimbaethName,,GenderMale,$01,,,,,,,,,,,,,,SilverAxe,HandAxe,PI_HandAxe,
,,CimbaethSquadFighter,UnitTypeEnemy,,,,,,,,,Fighter,1,0,,$0049,CimbaethSquadFighterName,,Genderless,$FF,,,,,,,,,,,,,,IronAxe,HandAxe,NoItem,
,,CimbaethSquadHunter,UnitTypeEnemy,,,,,,,,,Hunter,1,0,,$004A,CimbaethSquadHunterName,,Genderless,$FF,,,,,,,,,,,,,,IronBow,NoItem,NoItem,
,,CimbaethSquadBarbarian,UnitTypeEnemy,,,,,,,,,Barbarian,1,0,,$004B,CimbaethSquadBarbarianName,,Genderless,$FF,,,,,,,,,,,,,,IronAxe,NoItem,NoItem,
,,GenoaGuardFighter,UnitTypeEnemy,,,,,,,,,Fighter,1,0,,$004C,GenoaGuardFighterName,,Genderless,$FF,,,,,,,,,,,,,,IronAxe,HandAxe,NoItem,
,,Munnir,UnitTypeEnemy,,,,,,,,,Warrior,20,2,,$004D,MunnirName,,GenderMale,$01,,,,,,,,,,,,,,HandAxe,SkillRing,PI_SkillRing1,
,,MarphaCommanderChargeFighter,UnitTypeEnemy,,,,,,,,,Fighter,10,1,,$004E,MarphaCommanderChargeFighterName,,Genderless,$FF,,,,,,,,,,,,,,SteelAxe,NoItem,NoItem,
,,MarphaChargeBarbarian,UnitTypeEnemy,,,,,,,,,Barbarian,5,0,,$004F,MarphaChargeBarbarianName,,Genderless,$FF,,,,,,,,,,,,,,IronAxe,NoItem,NoItem,
,,MarphaHunter,UnitTypeEnemy,,,,,,,,,Hunter,5,0,,$0050,MarphaHunterName,,Genderless,$FF,,,,,,,,,,,,,,IronBow,NoItem,NoItem,
,,MarphaGuardBarbarian,UnitTypeEnemy,,,,,,,,,Barbarian,5,0,,$0051,MarphaGuardBarbarianName,,Genderless,$FF,,,,,,,,,,,,,,IronAxe,NoItem,NoItem,
,,Sandima,UnitTypeEnemy,,,,,,,,,DarkMage,10,2,,$0052,SandimaName,,GenderMale,$01,,,,,,,,,,,,,,Fenrir,Jormungandr,PI_MagicRing1,
,,VerdaneHunter,UnitTypeEnemy,,,,,,,,,Hunter,5,0,,$0053,VerdaneHunterName,,Genderless,$FF,,,,,,,,,,,,,,IronBow,NoItem,NoItem,
,,VerdaneFighter,UnitTypeEnemy,,,,,,,,,Fighter,10,0,,$0054,VerdaneFighterName,,Genderless,$FF,,,,,,,,,,,,,,SteelAxe,NoItem,NoItem,
,,VerdaneUnusedCommanderFighter,UnitTypeEnemy,,,,,,,,,Fighter,10,1,,$0055,VerdaneUnusedCommanderFighterName,,Genderless,$FF,,,,,,,,,,,,,,SteelAxe,HandAxe,NoItem,
,,VerdaneBarbarian,UnitTypeEnemy,,,,,,,,,Barbarian,10,0,,$0056,VerdaneBarbarianName,,Genderless,$FF,,,,,,,,,,,,,,IronAxe,NoItem,NoItem,
,,BanditCh01Ch02,UnitTypeEnemy,,,,,,,,,Brigand,1,0,,$0057,BanditCh01Ch02Name,,Genderless,$FF,,,,,,,,,,,,,,IronAxe,NoItem,NoItem,
,,ElliotCh01,UnitTypeEnemy,,,,,,,,,DukeKnight,1,1,,$0058,ElliotCh01Name,,GenderMale,$01,,,,,,,,,,,,,,SilverLance,Javelin,NoItem,
,,ElliotSquadCh01LanceKnight,UnitTypeEnemy,,,,,,,,,LanceKnight,1,0,,$0059,ElliotSquadCh01LanceKnightName,,Genderless,$FF,,,,,,,,,,,,,,SteelLance,NoItem,NoItem,
EldiganCh01,,,UnitTypeHoly,60,6,2,6,6,6,10,0,Paladin,20,5,1,$005A,EldiganCh01Name,$81,GenderMale,$00,100,0,0,0,0,0,0,0,None,None,None,None,MajorHothrBlood,Mystletainn,SteelLance,NoItem,
,,CrossKnightCh01Cavalier,UnitTypeEnemy,,,,,,,,,Cavalier,20,0,,$005B,CrossKnightCh01CavalierName,,Genderless,$FF,,,,,,,,,,,,,,SteelSword,Javelin,NoItem,
,,GenoaCommanderGuardWarrior,UnitTypeEnemy,,,,,,,,,Warrior,10,1,,$005C,GenoaCommanderGuardWarriorName,,Genderless,$FF,,,,,,,,,,,,,,HandAxe,NoItem,NoItem,
,,Bordeaux,UnitTypeEnemy,,,,,,,,,General,14,1,,$005D,BordeauxName,,GenderMale,$01,,,,,,,,,,,,,,SteelBlade,SteelBow,PI_BarrierRing1,
,,HeirheinGuardLanceArmor,UnitTypeEnemy,,,,,,,,,LanceArmor,8,0,,$005E,HeirheinGuardLanceArmorName,,Genderless,$FF,,,,,,,,,,,,,,Javelin,NoItem,NoItem,
,,Philip,UnitTypeEnemy,,,,,,,,,General,18,3,,$005F,PhilipName,,GenderMale,$FF,,,,,,,,,,,,,,SilverLance,NoItem,PI_ReturnBand1,
,,PhilipSquadPriest,UnitTypeEnemy,,,,,,,,,Priest,16,0,,$0060,PhilipSquadPriestName,,GenderMale,$FF,,,,,,,,,,,,,,RecoverStaff,NoItem,NoItem,
,,PhilipSquadBallistician,UnitTypeEnemy,,,,,,,,,Ballistician,10,0,,$0061,PhilipSquadBallisticianName,,GenderMale,$FF,,,,,,,,,,,,,,Ballista,NoItem,NoItem,
,,PhilipSquadUnusedFireMage,UnitTypeEnemy,,,,,,,,,FireMage,8,0,,$0062,PhilipSquadUnusedFireMageName,,GenderMale,$FF,,,,,,,,,,,,,,Fire,NoItem,NoItem,
,,PhilipSquadAxeArmor,UnitTypeEnemy,,,,,,,,,AxeArmor,8,0,,$0063,PhilipSquadAxeArmorName,,GenderMale,$FF,,,,,,,,,,,,,,IronAxe,NoItem,NoItem,
,,PhilipSquadLanceArmor,UnitTypeEnemy,,,,,,,,,LanceArmor,9,0,,$0064,PhilipSquadLanceArmorName,,GenderMale,$FF,,,,,,,,,,,,,,IronLance,NoItem,NoItem,
,,PhilipSquadSwordArmor,UnitTypeEnemy,,,,,,,,,SwordArmor,7,0,,$0065,PhilipSquadSwordArmorName,,GenderMale,$FF,,,,,,,,,,,,,,IronSword,NoItem,NoItem,
,,ElliotCh02,UnitTypeEnemy,,,,,,,,,DukeKnight,15,2,,$0066,ElliotCh02Name,,GenderMale,$FF,,,,,,,,,,,,,,SilverLance,NoItem,PI_SilverLance1,
,,ElliotSquadCh02BowKnight,UnitTypeEnemy,,,,,,,,,BowKnight,10,0,,$0067,ElliotSquadCh02BowKnightName,,Genderless,$FF,,,,,,,,,,,,,,IronBow,NoItem,NoItem,
,,ElliotSquadCh02AxeKnight,UnitTypeEnemy,,,,,,,,,AxeKnight,8,0,,$0068,ElliotSquadCh02AxeKnightName,,Genderless,$FF,,,,,,,,,,,,,,IronAxe,NoItem,NoItem,
,,ElliotSquadCh02LanceKnight,UnitTypeEnemy,,,,,,,,,LanceKnight,8,0,,$0069,ElliotSquadCh02LanceKnightName,,Genderless,$FF,,,,,,,,,,,,,,IronLance,NoItem,NoItem,
,,InfiniCommanderDukeKnight,UnitTypeEnemy,,,,,,,,,DukeKnight,12,0,,$006A,InfiniCommanderDukeKnightName,,Genderless,$FF,,,,,,,,,,,,,,SteelLance,NoItem,NoItem,
,,InfiniLanceKnight,UnitTypeEnemy,,,,,,,,,LanceKnight,10,0,,$006B,InfiniLanceKnightName,,Genderless,$FF,,,,,,,,,,,,,,IronLance,NoItem,NoItem,
,,UnusedBandit,UnitTypeEnemy,,,,,,,,,Brigand,8,0,,$006C,UnusedBanditName,,Genderless,$FF,,,,,,,,,,,,,,IronAxe,NoItem,NoItem,
,,MackilyLanceArmor,UnitTypeEnemy,,,,,,,,,LanceArmor,12,0,,$006D,MackilyLanceArmorName,,Genderless,$FF,,,,,,,,,,,,,,Javelin,NoItem,NoItem,
,,Eve,UnitTypeEnemy,,,,,,,,,Paladin,18,0,,$006E,EveName,,GenderMale,$FF,,,,,,,,,,,,,,SteelSword,Javelin,NoItem,
,,MacBeth,UnitTypeEnemy,,,,,,,,,General,22,1,,$006F,MacBethName,,GenderMale,$01,,,,,,,,,,,,,,SteelLance,Javelin,PI_ShieldRing1,
,,InfiniBowArmor,UnitTypeEnemy,,,,,,,,,BowArmor,14,0,,$0070,InfiniBowArmorName,,Genderless,$FF,,,,,,,,,,,,,,IronBow,NoItem,NoItem,
,,InfiniAxeArmor,UnitTypeEnemy,,,,,,,,,AxeArmor,14,0,,$0071,InfiniAxeArmorName,,Genderless,$FF,,,,,,,,,,,,,,IronAxe,NoItem,NoItem,
,,InfiniSwordArmor,UnitTypeEnemy,,,,,,,,,SwordArmor,14,0,,$0072,InfiniSwordArmorName,,Genderless,$FF,,,,,,,,,,,,,,IronSword,NoItem,NoItem,
,,Waltz,UnitTypeEnemy,,,,,,,,,Ranger,20,3,,$0073,WaltzName,,GenderMale,$FF,,,,,,,,,,,,,,SteelBlade,ParagonBand,PI_ParagonBand,
,,WaltzSquadFreeKnight,UnitTypeEnemy,,,,,,,,,FreeKnight,7,0,,$0074,WaltzSquadFreeKnightName,,Genderless,$FF,,,,,,,,,,,,,,IronSword,NoItem,NoItem,
,,Clement,UnitTypeEnemy,,,,,,,,,Bishop,18,1,,$0075,ClementName,,GenderMale,$01,,,,,,,,,,,,,,SleepStaff,Thunder,PI_SleepStaff,
,,MackilyFireMage,UnitTypeEnemy,,,,,,,,,FireMage,8,0,,$0076,MackilyFireMageName,,Genderless,$FF,,,,,,,,,,,,,,Fire,NoItem,NoItem,
,,MackilyMyrmidon,UnitTypeEnemy,,,,,,,,,Myrmidon,12,0,,$0077,MackilyMyrmidonName,,Genderless,$FF,,,,,,,,,,,,,,SteelSword,NoItem,NoItem,
,,MackilyArcher,UnitTypeEnemy,,,,,,,,,Archer,10,0,,$0078,MackilyArcherName,,Genderless,$FF,,,,,,,,,,,,,,IronBow,NoItem,NoItem,
,,MackilyCommanderBallistician,UnitTypeEnemy,,,,,,,,,Ballistician,12,1,,$0079,MackilyCommanderBallisticianName,,Genderless,$FF,,,,,,,,,,,,,,Ballista,NoItem,NoItem,
,,MackilyBallistician,UnitTypeEnemy,,,,,,,,,Ballistician,8,0,,$007A,MackilyBallisticianName,,Genderless,$FF,,,,,,,,,,,,,,Ballista,NoItem,NoItem,
,,ChagallCh02,UnitTypeEnemy,,,,,,,,,Baron,10,2,,$007B,ChagallCh02Name,,Genderless,$01,,,,,,,,,,,,,,SilverBlade,PhysicStaff,PI_PhysicStaff1,
,,AgustiBallistician,UnitTypeEnemy,,,,,,,,,Ballistician,6,0,,$007C,AgustiBallisticianName,,Genderless,$FF,,,,,,,,,,,,,,Ballista,NoItem,NoItem,
,,AgustiLanceArmor,UnitTypeEnemy,,,,,,,,,LanceArmor,10,0,,$007D,AgustiLanceArmorName,,Genderless,$FF,,,,,,,,,,,,,,Javelin,NoItem,NoItem,
,,AgustiCommanderPaladin,UnitTypeEnemy,,,,,,,,,Paladin,14,1,,$007E,AgustiCommanderPaladinName,,Genderless,$FF,,,,,,,,,,,,,,SteelSword,NoItem,NoItem,
,,AgustiCavalier,UnitTypeEnemy,,,,,,,,,Cavalier,12,0,,$007F,AgustiCavalierName,,Genderless,$FF,,,,,,,,,,,,,,IronSword,NoItem,NoItem,
,,AgustiCommanderDukeKnight,UnitTypeEnemy,,,,,,,,,DukeKnight,15,1,,$0080,AgustiCommanderDukeKnightName,,Genderless,$FF,,,,,,,,,,,,,,SteelLance,Javelin,NoItem,
,,AgustiLanceKnight,UnitTypeEnemy,,,,,,,,,LanceKnight,12,0,,$0081,AgustiLanceKnightName,,Genderless,$FF,,,,,,,,,,,,,,IronLance,NoItem,NoItem,
,,ErinysSquadPegasusKnight,UnitTypeEnemy,,,,,,,,,PegasusKnight,3,0,,$0082,ErinysSquadPegasusKnightName,,Genderless,$FF,,,,,,,,,,,,,,Javelin,NoItem,NoItem,
,,Zane,UnitTypeEnemy,,,,,,,,,DukeKnight,21,3,,$0083,ZaneName,,GenderMale,$FF,,,,,,,,,,,,,,Ridersbane,Javelin,PI_Ridersbane,
,,ZaneSquadTroubadour,UnitTypeEnemy,,,,,,,,,Troubadour,12,0,,$0084,ZaneSquadTroubadourName,,Genderless,$FF,,,,,,,,,,,,,,SlimSword,MendStaff,NoItem,
,,ZaneSquadLanceKnight,UnitTypeEnemy,,,,,,,,,LanceKnight,13,0,,$0085,ZaneSquadLanceKnightName,,Genderless,$FF,,,,,,,,,,,,,,IronLance,NoItem,NoItem,
,,ZaneSquadAxeKnight,UnitTypeEnemy,,,,,,,,,AxeKnight,10,0,,$0086,ZaneSquadAxeKnightName,,Genderless,$FF,,,,,,,,,,,,,,IronAxe,NoItem,NoItem,
,,ZaneSquadBowKnight,UnitTypeEnemy,,,,,,,,,BowKnight,9,0,,$0087,ZaneSquadBowKnightName,,Genderless,$FF,,,,,,,,,,,,,,IronBow,NoItem,NoItem,
,,Eva,UnitTypeEnemy,,,,,,,,,Paladin,18,0,,$0088,EvaName,,GenderMale,$FF,,,,,,,,,,,,,,SteelSword,Javelin,NoItem,
,,Alva,UnitTypeEnemy,,,,,,,,,Paladin,18,0,,$0089,AlvaName,,GenderMale,$FF,,,,,,,,,,,,,,SteelSword,Javelin,NoItem,
,,Jacobi,UnitTypeEnemy,,,,,,,,,Hero,20,2,,$008A,JacobiName,,GenderMale,$01,,,,,,,,,,,,,,ThunderSword,NoItem,PI_ThunderSword,
,,MadinoGuardBishop,UnitTypeEnemy,,,,,,,,,Bishop,18,0,,$008B,MadinoGuardBishopName,,Genderless,$FF,,,,,,,,,,,,,,Fortify,NoItem,NoItem,
,,MadinoGuardMage,UnitTypeEnemy,,,,,,,,,Mage,15,0,,$008C,MadinoGuardMageName,,Genderless,$FF,,,,,,,,,,,,,,Fire,NoItem,NoItem,
,,MadinoSwordArmor,UnitTypeEnemy,,,,,,,,,SwordArmor,12,0,,$008D,MadinoSwordArmorName,,Genderless,$FF,,,,,,,,,,,,,,SteelSword,NoItem,NoItem,
,,MadinoBowArmor,UnitTypeEnemy,,,,,,,,,BowArmor,11,0,,$008E,MadinoBowArmorName,,Genderless,$FF,,,,,,,,,,,,,,SteelBow,NoItem,NoItem,
,,MadinoLanceArmor,UnitTypeEnemy,,,,,,,,,LanceArmor,13,0,,$008F,MadinoLanceArmorName,,Genderless,$FF,,,,,,,,,,,,,,SteelLance,NoItem,NoItem,
,,MadinoCommanderGeneralCenter,UnitTypeEnemy,,,,,,,,,General,15,1,,$0090,MadinoCommanderGeneralCenterName,,Genderless,$FF,,,,,,,,,,,,,,SteelBlade,SteelBow,NoItem,
,,MadinoAxeArmorCenter,UnitTypeEnemy,,,,,,,,,AxeArmor,10,0,,$0091,MadinoAxeArmorCenterName,,Genderless,$FF,,,,,,,,,,,,,,SteelAxe,NoItem,NoItem,
,,MadinoCommanderArchKnight,UnitTypeEnemy,,,,,,,,,ArchKnight,13,1,,$0092,MadinoCommanderArchKnightName,,Genderless,$FF,,,,,,,,,,,,,,SteelBow,NoItem,NoItem,
,,MadinoBowKnight,UnitTypeEnemy,,,,,,,,,BowKnight,8,0,,$0093,MadinoBowKnightName,,Genderless,$FF,,,,,,,,,,,,,,SteelBow,NoItem,NoItem,
,,MadinoCommanderGeneralRight,UnitTypeEnemy,,,,,,,,,General,15,1,,$0094,MadinoCommanderGeneralRightName,,Genderless,$FF,,,,,,,,,,,,,,SilverLance,NoItem,NoItem,
,,MadinoLanceArmorRight,UnitTypeEnemy,,,,,,,,,LanceArmor,10,0,,$0095,MadinoLanceArmorRightName,,Genderless,$FF,,,,,,,,,,,,,,Javelin,NoItem,NoItem,
,,MadinoCommanderDukeKnight,UnitTypeEnemy,,,,,,,,,DukeKnight,13,1,,$0096,MadinoCommanderDukeKnightName,,Genderless,$FF,,,,,,,,,,,,,,SilverLance,Javelin,NoItem,
,,MadinoLanceKnight,UnitTypeEnemy,,,,,,,,,LanceKnight,8,0,,$0097,MadinoLanceKnightName,,Genderless,$FF,,,,,,,,,,,,,,SteelLance,NoItem,NoItem,
,,MadinoCommanderFireMageWoods,UnitTypeEnemy,,,,,,,,,FireMage,13,1,,$0098,MadinoCommanderFireMageWoodsName,,Genderless,$FF,,,,,,,,,,,,,,Elfire,NoItem,NoItem,
,,MadinoMageWoods,UnitTypeEnemy,,,,,,,,,Mage,8,0,,$0099,MadinoMageWoodsName,,Genderless,$FF,,,,,,,,,,,,,,Fire,NoItem,NoItem,
,,MadinoCommanderIronBallistician,UnitTypeEnemy,,,,,,,,,IronBallistician,13,1,,$009A,MadinoCommanderIronBallisticianName,,Genderless,$FF,,,,,,,,,,,,,,IronBallista,NoItem,NoItem,
,,MadinoBallistician,UnitTypeEnemy,,,,,,,,,Ballistician,8,0,,$009B,MadinoBallisticianName,,Genderless,$FF,,,,,,,,,,,,,,Ballista,NoItem,NoItem,
,,PirateCh03,UnitTypeEnemy,,,,,,,,,Pirate,8,1,,$009C,PirateCh03Name,,Genderless,$FF,,,,,,,,,,,,,,IronAxe,NoItem,NoItem,
,,SylvaleBlockadeCommanderLanceArmor,UnitTypeEnemy,,,,,,,,,LanceArmor,15,1,,$009D,SylvaleBlockadeCommanderLanceArmorName,,Genderless,$FF,,,,,,,,,,,,,,Javelin,NoItem,NoItem,
,,SylvaleBlockadeLanceArmor,UnitTypeEnemy,,,,,,,,,LanceArmor,10,0,,$009E,SylvaleBlockadeLanceArmorName,,Genderless,$FF,,,,,,,,,,,,,,Javelin,NoItem,NoItem,
EldiganCh03,,,UnitTypeHoly,65,13,2,9,11,15,15,7,Paladin,25,5,1,$009F,EldiganCh03Name,$80,GenderMale,$00,0,0,0,0,0,0,0,0,None,None,None,None,MajorHothrBlood,Mystletainn,NoItem,NoItem,
,,CrossKnightCh03Cavalier,UnitTypeEnemy,,,,,,,,,Cavalier,15,0,,$00A0,CrossKnightCh03CavalierName,,GenderMale,$FF,,,,,,,,,,,,,,SteelSword,Javelin,NoItem,
,,ChagallCh03,UnitTypeEnemy,,,,,,,,,Baron,25,2,,$00A1,ChagallCh03Name,,GenderMale,$01,,,,,,,,,,,,,,SilverBlade,Bolganone,PI_SilverBlade1,
,,SylvaleLanceArmor,UnitTypeEnemy,,,,,,,,,LanceArmor,12,0,,$00A2,SylvaleLanceArmorName,,Genderless,$FF,,,,,,,,,,,,,,SteelLance,NoItem,NoItem,
,,SylvaleBowArmor,UnitTypeEnemy,,,,,,,,,BowArmor,12,0,,$00A3,SylvaleBowArmorName,,Genderless,$FF,,,,,,,,,,,,,,SteelBow,NoItem,NoItem,
,,Papilio,UnitTypeEnemy,,,,,,,,,Dragonknight,20,2,,$00A4,PapilioName,,Genderless,$FF,,,,,,,,,,,,,,SteelSword,RenewalBand,PI_RenewalBand2,
,,PapilioSquadDragonrider,UnitTypeEnemy,,,,,,,,,Dragonrider,8,0,,$00A5,PapilioSquadDragonriderName,,Genderless,$FF,,,,,,,,,,,,,,IronLance,NoItem,NoItem,
,,OrgahilHunter,UnitTypeEnemy,,,,,,,,,Hunter,12,0,,$00A6,OrgahilHunterName,,Genderless,$FF,,,,,,,,,,,,,,SteelBow,NoItem,NoItem,
,,OrgahilPirateHandAxe,UnitTypeEnemy,,,,,,,,,Pirate,10,0,,$00A7,OrgahilPirateHandAxeName,,Genderless,$FF,,,,,,,,,,,,,,HandAxe,NoItem,NoItem,
,,OrgahilPirateSteelAxe,UnitTypeEnemy,,,,,,,,,Pirate,14,0,,$00A8,OrgahilPirateSteelAxeName,,Genderless,$FF,,,,,,,,,,,,,,SteelAxe,NoItem,NoItem,
,,OrgahilMyrmidon,UnitTypeEnemy,,,,,,,,,Myrmidon,10,0,,$00A9,OrgahilMyrmidonName,,Genderless,$FF,,,,,,,,,,,,,,SteelSword,NoItem,NoItem,
,,Duvall,UnitTypeEnemy,,,,,,,,,Warrior,20,2,,$00AA,DuvallName,,Genderless,$01,,,,,,,,,,,,,,HandAxe,PowerRing,PI_PowerRing1,
,,OrgahilGuardPirate,UnitTypeEnemy,,,,,,,,,Pirate,14,0,,$00AB,OrgahilGuardPirateName,,Genderless,$FF,,,,,,,,,,,,,,HandAxe,NoItem,NoItem,
,,Pizare,UnitTypeEnemy,,,,,,,,,Warrior,20,2,,$00AC,PizareName,,Genderless,$FF,,,,,,,,,,,,,,SilverAxe,LegRing,PI_LegRing,
,,PizareSquadPirateIronAxe,UnitTypeEnemy,,,,,,,,,Pirate,12,0,,$00AD,PizareSquadPirateIronAxeName,,Genderless,$FF,,,,,,,,,,,,,,IronAxe,NoItem,NoItem,
,,PizareSquadPirateHandAxe,UnitTypeEnemy,,,,,,,,,Pirate,14,0,,$00AE,PizareSquadPirateHandAxeName,,Genderless,$FF,,,,,,,,,,,,,,HandAxe,NoItem,NoItem,
,,OrgahilPirateBragiTower,UnitTypeEnemy,,,,,,,,,Pirate,12,1,,$00AF,OrgahilPirateBragiTowerName,,Genderless,$FF,,,,,,,,,,,,,,IronAxe,NoItem,NoItem,
,,OrgahilPiratePillager,UnitTypeEnemy,,,,,,,,,Pirate,12,1,,$00B0,OrgahilPiratePillagerName,,Genderless,$FF,,,,,,,,,,,,,,IronAxe,NoItem,NoItem,
,,UnusedArvis,UnitTypeEnemy,,,,,,,,,WarMage,20,5,,$00B1,UnusedArvisName,,Genderless,$FF,,,,,,,,,,,,,,Valflame,NoItem,NoItem,
,,LombardCh03,UnitTypeEnemy,,,,,,,,,Baron,30,4,,$00B2,LombardCh03Name,,Genderless,$FF,,,,,,,,,,,,,,Helswath,NoItem,NoItem,
,,GrauenritterCh03GreatKnight,UnitTypeEnemy,,,,,,,,,GreatKnight,20,0,,$00B3,GrauenritterCh03GreatKnightName,,Genderless,$FF,,,,,,,,,,,,,,SilverAxe,HandAxe,NoItem,
,,ReptorCh03,UnitTypeEnemy,,,,,,,,,Baron,30,4,,$00B4,ReptorCh03Name,,Genderless,$FF,,,,,,,,,,,,,,Mjolnir,NoItem,NoItem,
,,GelbenritterCh03MageKnight,UnitTypeEnemy,,,,,,,,,MageKnight,20,0,,$00B5,GelbenritterCh03MageKnightName,,Genderless,$FF,,,,,,,,,,,,,,SlimSword,Elthunder,NoItem,
,,UnusedAnnand,UnitTypeEnemy,,,,,,,,,FalconKnight,25,3,,$00B6,UnusedAnnandName,,Genderless,$FF,,,,,,,,,,,,,,SilverSword,Javelin,NoItem,
,,SilesseUnusedPegasusKnight,UnitTypeEnemy,,,,,,,,,PegasusKnight,20,0,,$00B7,SilesseUnusedPegasusKnightName,,Genderless,$FF,,,,,,,,,,,,,,SlimSword,NoItem,NoItem,
,,Myos,UnitTypeEnemy,,,,,,,,,Baron,22,2,,$00B8,MyosName,,Genderless,$01,,,,,,,,,,,,,,Tornado,NoItem,NoItem,
,,TofaLanceArmor,UnitTypeEnemy,,,,,,,,,LanceArmor,19,0,,$00B9,TofaLanceArmorName,,Genderless,$FF,,,,,,,,,,,,,,Javelin,NoItem,NoItem,
,,TofaGuardWindMage,UnitTypeEnemy,,,,,,,,,WindMage,17,0,,$00BA,TofaGuardWindMageName,,Genderless,$FF,,,,,,,,,,,,,,Elwind,NoItem,NoItem,
,,TofaCommanderWindMage,UnitTypeEnemy,,,,,,,,,WindMage,18,1,,$00BB,TofaCommanderWindMageName,,Genderless,$FF,,,,,,,,,,,,,,Elwind,NoItem,NoItem,
,,TofaMyrmidon,UnitTypeEnemy,,,,,,,,,Myrmidon,15,0,,$00BC,TofaMyrmidonName,,Genderless,$FF,,,,,,,,,,,,,,SteelSword,NoItem,NoItem,
,,Cuvuli,UnitTypeEnemy,,,,,,,,,Bishop,22,3,,$00BD,CuvuliName,,Genderless,$FF,,,,,,,,,,,,,,SleepStaff,PhysicStaff,NoItem,
,,CuvuliSquadWindMage,UnitTypeEnemy,,,,,,,,,WindMage,15,0,,$00BE,CuvuliSquadWindMageName,,Genderless,$FF,,,,,,,,,,,,,,Elwind,NoItem,NoItem,
,,TofaCommanderWarMage,UnitTypeEnemy,,,,,,,,,WarMage,20,1,,$00BF,TofaCommanderWarMageName,,Genderless,$FF,,,,,,,,,,,,,,Blizzard,SlimSword,NoItem,
,,TofaWindMageRight,UnitTypeEnemy,,,,,,,,,WindMage,18,0,,$00C0,TofaWindMageRightName,,Genderless,$FF,,,,,,,,,,,,,,Blizzard,Elwind,NoItem,
,,TofaWindMageMountain,UnitTypeEnemy,,,,,,,,,WindMage,8,1,,$00C1,TofaWindMageMountainName,,Genderless,$FF,,,,,,,,,,,,,,Blizzard,NoItem,NoItem,
,,Dithorba,UnitTypeEnemy,,,,,,,,,FalconKnight,21,3,,$00C2,DithorbaName,,Genderless,$FF,,,,,,,,,,,,,,SilverSword,MiracleBand,NoItem,
,,DithorbaSquadPegasusKnight,UnitTypeEnemy,,,,,,,,,PegasusKnight,18,0,,$00C3,DithorbaSquadPegasusKnightName,,Genderless,$FF,,,,,,,,,,,,,,SlimLance,SlimSword,NoItem,
,,PirateCh04,UnitTypeEnemy,,,,,,,,,Pirate,20,1,,$00C4,PirateCh04Name,,Genderless,$FF,,,,,,,,,,,,,,IronAxe,NoItem,NoItem,
,,SilesseBlockadeWindMage,UnitTypeEnemy,,,,,,,,,WindMage,10,1,,$00C5,SilesseBlockadeWindMageName,,Genderless,$FF,,,,,,,,,,,,,,Wind,NoItem,NoItem,
,,Daccar,UnitTypeEnemy,,,,,,,,,Baron,26,2,,$00C6,DaccarName,,Genderless,$01,,,,,,,,,,,,,,Blizzard,Tornado,NoItem,
,,Annand,UnitTypeEnemy,,,,,,,,,FalconKnight,25,3,,$00C7,AnnandName,,Genderless,$01,,,,,,,,,,,,,,SilverSword,ShieldRing,NoItem,
,,AnnandSquadPegasusKnight,UnitTypeEnemy,,,,,,,,,PegasusKnight,18,0,,$00C8,AnnandSquadPegasusKnightName,,Genderless,$FF,,,,,,,,,,,,,,SlimLance,SlimSword,NoItem,
,,Pamela,UnitTypeEnemy,,,,,,,,,FalconKnight,23,3,,$00C9,PamelaName,,Genderless,$FF,,,,,,,,,,,,,,SilverLance,ShieldRing,NoItem,
,,PamelaSquadPegasusKnight,UnitTypeEnemy,,,,,,,,,PegasusKnight,18,0,,$00CA,PamelaSquadPegasusKnightName,,Genderless,$FF,,,,,,,,,,,,,,Javelin,NoItem,NoItem,
AndreyCh04,,,UnitTypeHoly,60,6,2,6,6,6,2,0,ArchKnight,22,4,1,$00CB,AndreyCh04Name,$81,GenderMale,$00,0,0,0,0,0,0,0,0,None,None,None,MinorUllrBlood,None,BraveBow,ShieldRing,NoItem,
,,AndreySquadCh04BowKnight,UnitTypeEnemy,,,,,,,,,BowKnight,18,0,,$00CC,AndreySquadCh04BowKnightName,,Genderless,$FF,,,,,,,,,,,,,,BraveBow,NoItem,NoItem,
,,SilesseCivilianMale,UnitTypeEnemy,,,,,,,,,Civilian,1,0,,$00CD,SilesseCivilianMaleName,,GenderMale,$FF,,,,,,,,,,,,,,NoItem,NoItem,NoItem,
,,SilesseCivilianFemale,UnitTypeEnemy,,,,,,,,,Civilian,1,0,,$00CE,SilesseCivilianFemaleName,,GenderFemale,$FF,,,,,,,,,,,,,,NoItem,NoItem,NoItem,
,,Donovan,UnitTypeEnemy,,,,,,,,,General,20,1,,$00CF,DonovanName,,Genderless,$FF,,,,,,,,,,,,,,SteelSword,SteelBow,NoItem,
,,SilesseFighter,UnitTypeEnemy,,,,,,,,,Fighter,12,1,,$00D0,SilesseFighterName,,Genderless,$FF,,,,,,,,,,,,,,SteelAxe,NoItem,NoItem,
,,SilesseGuardWindMage,UnitTypeEnemy,,,,,,,,,WindMage,18,0,,$00D1,SilesseGuardWindMageName,,Genderless,$FF,,,,,,,,,,,,,,Elwind,NoItem,NoItem,
,,SilesseWarrior,UnitTypeEnemy,,,,,,,,,Warrior,15,0,,$00D2,SilesseWarriorName,,Genderless,$FF,,,,,,,,,,,,,,SteelAxe,SteelBow,NoItem,
,,SilesseWindMageRiver,UnitTypeEnemy,,,,,,,,,WindMage,12,1,,$00D3,SilesseWindMageRiverName,,Genderless,$FF,,,,,,,,,,,,,,Blizzard,Elwind,NoItem,
,,ZaxonGuardGeneral,UnitTypeEnemy,,,,,,,,,General,20,0,,$00D4,ZaxonGuardGeneralName,,Genderless,$FF,,,,,,,,,,,,,,SilverLance,SteelBow,NoItem,
,,Lamia,UnitTypeEnemy,,,,,,,,,Swordmaster,25,3,,$00D5,LamiaName,,GenderFemale,$FF,,,,,,,,,,,,,,SilverBlade,RenewalBand,NoItem,
,,LamiaSquadMyrmidonSleepSword,UnitTypeEnemy,,,,,,,,,Myrmidon,22,0,,$00D6,LamiaSquadMyrmidonSleepSwordName,,GenderFemale,$FF,,,,,,,,,,,,,,SleepSword,NoItem,NoItem,
,,LamiaSquadMyrmidonBraveSword,UnitTypeEnemy,,,,,,,,,Myrmidon,22,0,,$00D7,LamiaSquadMyrmidonBraveSwordName,,GenderFemale,$FF,,,,,,,,,,,,,,BraveSword,NoItem,NoItem,
,,LamiaSquadArcher,UnitTypeEnemy,,,,,,,,,Archer,22,0,,$00D8,LamiaSquadArcherName,,GenderFemale,$FF,,,,,,,,,,,,,,KillerBow,NoItem,NoItem,
,,LamiaSquadPriest,UnitTypeEnemy,,,,,,,,,Priest,22,0,,$00D9,LamiaSquadPriestName,,GenderFemale,$FF,,,,,,,,,,,,,,PhysicStaff,NoItem,NoItem,
,,LamiaSquadThunderMage,UnitTypeEnemy,,,,,,,,,ThunderMage,22,0,,$00DA,LamiaSquadThunderMageName,,GenderFemale,$FF,,,,,,,,,,,,,,Elthunder,NoItem,NoItem,
LombardCh05,,,UnitTypeHoly,75,9,3,9,9,9,3,0,Baron,30,3,5,$00DB,LombardCh05Name,$81,GenderMale,$00,0,0,0,0,0,0,0,0,None,None,None,MajorNalBlood,None,Helswath,NoItem,NoItem,
,,ChildOifey,UnitTypeEnemy,,,,,,,,,Child,1,0,,$00DC,ChildOifeyName,,GenderMale,$FF,,,,,,,,,,,,,,NoItem,NoItem,NoItem,
,,LubeckGuardGeneral,UnitTypeEnemy,,,,,,,,,General,25,0,,$00DD,LubeckGuardGeneralName,,Genderless,$FF,,,,,,,,,,,,,,BraveAxe,SteelBow,NoItem,
,,Slayder,UnitTypeEnemy,,,,,,,,,GreatKnight,20,2,,$00DE,SlayderName,,Genderless,$FF,,,,,,,,,,,,,,SilverAxe,NoItem,NoItem,
,,SlayderSquadAxeKnight,UnitTypeEnemy,,,,,,,,,AxeKnight,17,0,,$00DF,SlayderSquadAxeKnightName,,Genderless,$FF,,,,,,,,,,,,,,SteelAxe,NoItem,NoItem,
,,LubeckCommanderGeneralRight,UnitTypeEnemy,,,,,,,,,General,20,1,,$00E0,LubeckCommanderGeneralRightName,,Genderless,$FF,,,,,,,,,,,,,,BraveAxe,NoItem,NoItem,
,,LubeckThunderMageRight,UnitTypeEnemy,,,,,,,,,ThunderMage,17,0,,$00E1,LubeckThunderMageRightName,,Genderless,$FF,,,,,,,,,,,,,,Elthunder,NoItem,NoItem,
,,LubeckAxeArmorRight,UnitTypeEnemy,,,,,,,,,AxeArmor,17,0,,$00E2,LubeckAxeArmorRightName,,Genderless,$FF,,,,,,,,,,,,,,SteelAxe,NoItem,NoItem,
,,BrigandCh05,UnitTypeEnemy,,,,,,,,,Brigand,30,1,,$00E3,BrigandCh05Name,,Genderless,$FF,,,,,,,,,,,,,,SteelAxe,NoItem,NoItem,
,,LubeckCommanderGeneralLeft,UnitTypeEnemy,,,,,,,,,General,20,1,,$00E4,LubeckCommanderGeneralLeftName,,Genderless,$FF,,,,,,,,,,,,,,BraveAxe,NoItem,NoItem,
,,LubeckThunderMageLeft,UnitTypeEnemy,,,,,,,,,ThunderMage,17,0,,$00E5,LubeckThunderMageLeftName,,Genderless,$FF,,,,,,,,,,,,,,Elthunder,NoItem,NoItem,
,,LubeckAxeArmorLeft,UnitTypeEnemy,,,,,,,,,AxeArmor,17,0,,$00E6,LubeckAxeArmorLeftName,,Genderless,$FF,,,,,,,,,,,,,,SteelAxe,NoItem,NoItem,
,,LubeckIronBallistician,UnitTypeEnemy,,,,,,,,,IronBallistician,20,0,,$00E7,LubeckIronBallisticianName,,Genderless,$FF,,,,,,,,,,,,,,IronBallista,NoItem,NoItem,
Byron,,,UnitTypeHoly,20,7,7,7,7,7,7,7,MasterKnight,30,1,1,$00E8,ByronName,$81,GenderMale,$00,0,0,0,0,0,0,0,0,None,None,None,MajorBaldrBlood,None,BrokenHolySword,NoItem,NoItem,
AndreyCh05,,,UnitTypeHoly,60,6,2,6,6,6,2,0,ArchKnight,22,4,1,$00E9,AndreyCh05Name,$80,GenderMale,$00,0,0,0,0,0,0,0,0,None,None,None,MinorUllrBlood,None,BraveBow,ShieldRing,NoItem,
,,AndreySquadCh05BowKnight,UnitTypeEnemy,,,,,,,,,BowKnight,18,0,,$00EA,AndreySquadCh05BowKnightName,,Genderless,$FF,,,,,,,,,,,,,,BraveBow,NoItem,NoItem,
,,Vaja,UnitTypeEnemy,,,,,,,,,WarMageF,21,3,,$00EB,VajaName,,GenderFemale,$01,,,,,,,,,,,,,,Meteor,MiracleSword,NoItem,
,,PhinoraGuardFireMage,UnitTypeEnemy,,,,,,,,,FireMage,18,0,,$00EC,PhinoraGuardFireMageName,,Genderless,$FF,,,,,,,,,,,,,,Elfire,NoItem,NoItem,
,,PhinoraGuardPriest,UnitTypeEnemy,,,,,,,,,Priest,15,0,,$00ED,PhinoraGuardPriestName,,Genderless,$FF,,,,,,,,,,,,,,SleepStaff,NoItem,NoItem,
,,VelthomerCh05FireMageDesert,UnitTypeEnemy,,,,,,,,,FireMage,18,1,,$00EE,VelthomerCh05FireMageDesertName,,Genderless,$FF,,,,,,,,,,,,,,Meteor,Elfire,NoItem,
TravantCh05,,,UnitTypeHoly,75,9,3,9,9,9,3,0,Dragonmaster,30,5,5,$00EF,TravantCh05Name,$81,GenderMale,$00,0,0,0,0,0,0,0,0,UnitSkill1Nihil,None,None,MajorDainnBlood,None,Gungnir,RecoverRing,NoItem,
,,Magorn,UnitTypeEnemy,,,,,,,,,Dragonmaster,25,3,,$00F0,MagornName,,Genderless,$02,,,,,,,,,,,,,,BraveLance,ShieldRing,NoItem,
,,MagornSquadDragonknight,UnitTypeEnemy,,,,,,,,,Dragonknight,18,0,,$00F1,MagornSquadDragonknightName,,Genderless,$FF,,,,,,,,,,,,,,Ridersbane,NoItem,NoItem,
,,LeonsterCh05LanceKnight,UnitTypeEnemy,,,,,,,,,LanceKnight,15,0,,$00F2,LeonsterCh05LanceKnightName,,Genderless,$FF,,,,,,,,,,,,,,SteelLance,NoItem,NoItem,
,,Aida,UnitTypeEnemy,,,,,,,,,WarMageF,23,1,,$00F3,AidaName,,GenderFemale,$01,,,,,,,,,,,,,,Meteor,MiracleSword,NoItem,
,,VelthomerCh05FireMageCliff,UnitTypeEnemy,,,,,,,,,FireMage,20,0,,$00F4,VelthomerCh05FireMageCliffName,,Genderless,$FF,,,,,,,,,,,,,,Meteor,Elfire,NoItem,
ReptorCh05,,,UnitTypeHoly,75,9,23,9,9,9,3,0,Baron,30,4,5,$00F5,ReptorCh05Name,$81,GenderMale,$00,0,0,0,0,0,0,0,0,None,None,None,None,MajorThrudBlood,Mjolnir,RenewalBand,NoItem,
,,FriegeCh05General,UnitTypeEnemy,,,,,,,,,General,22,0,,$00F6,FriegeCh05GeneralName,,Genderless,$FF,,,,,,,,,,,,,,SilverLance,SteelBow,NoItem,
,,FriegeCh05HighPriest,UnitTypeEnemy,,,,,,,,,HighPriest,22,0,,$00F7,FriegeCh05HighPriestName,,GenderMale,$FF,,,,,,,,,,,,,,Fortify,MiracleBand,NoItem,
,,FriegeCh05BowArmor,UnitTypeEnemy,,,,,,,,,BowArmor,22,0,,$00F8,FriegeCh05BowArmorName,,Genderless,$FF,,,,,,,,,,,,,,SteelBow,NoItem,NoItem,
,,FriegeCh05Hero,UnitTypeEnemy,,,,,,,,,Hero,22,0,,$00F9,FriegeCh05HeroName,,Genderless,$FF,,,,,,,,,,,,,,SilverBlade,NoItem,NoItem,
,,FriegeCh05ThunderMageMale,UnitTypeEnemy,,,,,,,,,ThunderMage,22,0,,$00FA,FriegeCh05ThunderMageMaleName,,GenderMale,$FF,,,,,,,,,,,,,,Elthunder,NoItem,NoItem,
,,FriegeCh05ThunderMageFemale,UnitTypeEnemy,,,,,,,,,ThunderMage,22,0,,$00FB,FriegeCh05ThunderMageFemaleName,,GenderFemale,$FF,,,,,,,,,,,,,,Elthunder,NoItem,NoItem,
,,FriegeCh05LanceArmor,UnitTypeEnemy,,,,,,,,,LanceArmor,22,0,,$00FC,FriegeCh05LanceArmorName,,Genderless,$FF,,,,,,,,,,,,,,SteelLance,Javelin,NoItem,
,,FriegeCh05Sniper,UnitTypeEnemy,,,,,,,,,Sniper,22,0,,$00FD,FriegeCh05SniperName,,Genderless,$FF,,,,,,,,,,,,,,SilverBow,NoItem,NoItem,
,,RotenritterCh05CommanderFireMage,UnitTypeEnemy,,,,,,,,,FireMage,25,3,,$00FE,RotenritterCh05CommanderFireMageName,,Genderless,$FF,,,,,,,,,,,,,,Elfire,NoItem,NoItem,
,,RotenritterCh05FireMage,UnitTypeEnemy,,,,,,,,,FireMage,20,0,,$00FF,RotenritterCh05FireMageName,,Genderless,$FF,,,,,,,,,,,,,,Elfire,NoItem,NoItem,
,,RotenritterCh05CommanderGeneral,UnitTypeEnemy,,,,,,,,,General,25,3,,$0100,RotenritterCh05CommanderGeneralName,,Genderless,$FF,,,,,,,,,,,,,,SilverLance,NoItem,NoItem,
,,RotenritterCh05General,UnitTypeEnemy,,,,,,,,,General,20,0,,$0101,RotenritterCh05GeneralName,,Genderless,$FF,,,,,,,,,,,,,,SilverLance,NoItem,NoItem,
,,RotenritterCh05CommanderMageKnight,UnitTypeEnemy,,,,,,,,,MageKnight,25,3,,$0102,RotenritterCh05CommanderMageKnightName,,Genderless,$FF,,,,,,,,,,,,,,BraveSword,Elfire,NoItem,
,,RotenritterCh05MageKnight,UnitTypeEnemy,,,,,,,,,MageKnight,20,0,,$0103,RotenritterCh05MageKnightName,,Genderless,$FF,,,,,,,,,,,,,,BraveSword,Elfire,NoItem,
ArvisChPrologue,,,UnitTypeHoly,60,15,15,15,15,5,10,0,Sage,25,5,5,$0104,ArvisChPrologueName,$81,GenderMale,$00,0,0,0,0,0,0,0,0,UnitSkill1Nihil,None,None,MajorFjalarBlood,MinorLoptousBlood,Valflame,RecoverRing,NoItem,
,,RotenritterUnusedCommanderFireMage,UnitTypeEnemy,,,,,,,,,FireMage,25,3,,$0105,RotenritterUnusedCommanderFireMageName,,Genderless,$FF,,,,,,,,,,,,,,Elfire,NoItem,NoItem,
,,RotenritterUnusedFireMage,UnitTypeEnemy,,,,,,,,,FireMage,20,0,,$0106,RotenritterUnusedFireMageName,,Genderless,$FF,,,,,,,,,,,,,,Elfire,NoItem,NoItem,
,,Harold,UnitTypeEnemy,,,,,,,,,General,10,1,,$0107,HaroldName,,Genderless,$FF,,,,,,,,,,,,,,SteelAxe,SteelBow,PI_ReturnBand1,
,,GaneishireGuardAxeArmor,UnitTypeEnemy,,,,,,,,,AxeArmor,7,0,,$0108,GaneishireGuardAxeArmorName,,Genderless,$FF,,,,,,,,,,,,,,SteelAxe,NoItem,NoItem,
,,GaneishireFighter,UnitTypeEnemy,,,,,,,,,Fighter,3,1,,$0109,GaneishireFighterName,,Genderless,$FF,,,,,,,,,,,,,,IronAxe,NoItem,NoItem,
,,BrigandCh06,UnitTypeEnemy,,,,,,,,,Brigand,5,1,,$010A,BrigandCh06Name,,Genderless,$FF,,,,,,,,,,,,,,IronAxe,NoItem,NoItem,
,,SofalaGuardFighter,UnitTypeEnemy,,,,,,,,,Fighter,12,1,,$010B,SofalaGuardFighterName,,Genderless,$FF,,,,,,,,,,,,,,SteelAxe,NoItem,NoItem,
,,IsaachGuardAxeKnight,UnitTypeEnemy,,,,,,,,,AxeKnight,12,1,,$010C,IsaachGuardAxeKnightName,,Genderless,$FF,,,,,,,,,,,,,,SteelAxe,NoItem,NoItem,
,,IsaachAxeKnight,UnitTypeEnemy,,,,,,,,,AxeKnight,7,0,,$010D,IsaachAxeKnightName,,Genderless,$FF,,,,,,,,,,,,,,SteelAxe,NoItem,NoItem,
,,SofalaFighter,UnitTypeEnemy,,,,,,,,,Fighter,7,0,,$010E,SofalaFighterName,,Genderless,$FF,,,,,,,,,,,,,,SteelAxe,NoItem,NoItem,
,,Schmidt,UnitTypeEnemy,,,,,,,,,GreatKnight,20,3,,$010F,SchmidtName,,Genderless,$FF,,,,,,,,,,,,,,BraveAxe,NoItem,PI_BraveAxe,
,,SchmidtSquad,UnitTypeEnemy,,,,,,,,,AxeKnight,12,0,,$0110,SchmidtSquadName,,Genderless,$FF,,,,,,,,,,,,,,HandAxe,NoItem,NoItem,
Danann,,,UnitTypeHoly,60,9,3,7,6,8,3,0,Baron,25,4,1,$0111,DanannName,$81,GenderMale,$00,0,0,0,0,0,0,0,0,None,None,None,MajorNalBlood,None,SilverAxe,NoItem,PI_ThiefSword,
,,GaneishireAxeArmor,UnitTypeEnemy,,,,,,,,,AxeArmor,5,0,,$0112,GaneishireAxeArmorName,,Genderless,$FF,,,,,,,,,,,,,,SteelAxe,NoItem,NoItem,
,,GaneishireBowArmor,UnitTypeEnemy,,,,,,,,,BowArmor,5,0,,$0113,GaneishireBowArmorName,,Genderless,$FF,,,,,,,,,,,,,,SteelBow,NoItem,NoItem,
,,Kutuzov,UnitTypeEnemy,,,,,,,,,DarkBishop,20,1,,$0114,KutuzovName,,Genderless,$01,,,,,,,,,,,,,,Jormungandr,NoItem,PI_BargainBand,
,,AedDarkMageLv7,UnitTypeEnemy,,,,,,,,,DarkMage,7,0,,$0115,AedDarkMageLv7Name,,Genderless,$FF,,,,,,,,,,,,,,Jormungandr,NoItem,NoItem,
,,AedDarkMageLv4,UnitTypeEnemy,,,,,,,,,DarkMage,4,1,,$0116,AedDarkMageLv4Name,,Genderless,$FF,,,,,,,,,,,,,,Jormungandr,NoItem,NoItem,
,,AedMyrmidon,UnitTypeEnemy,,,,,,,,,Myrmidon,12,0,,$0117,AedMyrmidonName,,Genderless,$FF,,,,,,,,,,,,,,SilverSword,NoItem,NoItem,
,,AedDarkMageLv1,UnitTypeEnemy,,,,,,,,,DarkMage,1,0,,$0118,AedDarkMageLv1Name,,Genderless,$FF,,,,,,,,,,,,,,Jormungandr,NoItem,NoItem,
,,UlsterCommanderGeneralLeonsterCharge,UnitTypeEnemy,,,,,,,,,General,12,1,,$0119,UlsterCommanderGeneralLeonsterChargeName,,Genderless,$FF,,,,,,,,,,,,,,SteelAxe,NoItem,NoItem,
,,UlsterSwordArmorLeonsterCharge,UnitTypeEnemy,,,,,,,,,SwordArmor,5,0,,$011A,UlsterSwordArmorLeonsterChargeName,,Genderless,$FF,,,,,,,,,,,,,,SteelSword,NoItem,NoItem,
,,UlsterThunderMageLeonsterCharge,UnitTypeEnemy,,,,,,,,,ThunderMage,7,0,,$011B,UlsterThunderMageLeonsterChargeName,,Genderless,$FF,,,,,,,,,,,,,,Elthunder,NoItem,NoItem,
,,BrigandCh07,UnitTypeEnemy,,,,,,,,,Brigand,8,1,,$011C,BrigandCh07Name,,Genderless,$FF,,,,,,,,,,,,,,SteelAxe,NoItem,NoItem,
BloomCh07,,,UnitTypeHoly,65,9,9,8,7,9,9,3,Baron,25,4,5,$011D,BloomCh07Name,$81,GenderMale,$00,0,0,0,0,0,0,0,0,None,None,None,None,MajorThrudBlood,Mjolnir,NoItem,PI_SilverBlade1,
,,UlsterGuardGeneral,UnitTypeEnemy,,,,,,,,,General,15,0,,$011E,UlsterGuardGeneralName,,Genderless,$FF,,,,,,,,,,,,,,SilverBlade,SteelBow,NoItem,
,,DahnaBlockadeMyrmidon,UnitTypeEnemy,,,,,,,,,Myrmidon,5,1,,$011F,DahnaBlockadeMyrmidonName,,Genderless,$FF,,,,,,,,,,,,,,SteelBlade,NoItem,NoItem,
Ishtore,,,UnitTypeHoly,50,7,7,8,8,7,7,9,WarMage,20,3,1,$0120,IshtoreName,$81,GenderMale,$00,0,0,0,0,0,0,0,0,None,None,None,None,MinorThrudBlood,Bolting,Thoron,PI_Thoron,
,,MelgenGuardThunderMage,UnitTypeEnemy,,,,,,,,,ThunderMage,6,0,,$0121,MelgenGuardThunderMageName,,Genderless,$FF,,,,,,,,,,,,,,Elthunder,NoItem,NoItem,
,,Liza,UnitTypeEnemy,,,,,,,,,ThunderMage,20,4,,$0122,LizaName,,GenderFemale,$02,,,,,,,,,,,,,,Elthunder,ShieldRing,PI_MagicRing1,
,,MelgenThunderMageElthunder,UnitTypeEnemy,,,,,,,,,ThunderMage,10,0,,$0123,MelgenThunderMageElthunderName,,Genderless,$FF,,,,,,,,,,,,,,Elthunder,NoItem,NoItem,
,,MelgenLanceArmor,UnitTypeEnemy,,,,,,,,,LanceArmor,10,0,,$0124,MelgenLanceArmorName,,Genderless,$FF,,,,,,,,,,,,,,SteelLance,NoItem,NoItem,
,,MelgenThunderMageThunder,UnitTypeEnemy,,,,,,,,,ThunderMage,10,0,,$0125,MelgenThunderMageThunderName,,GenderMale,$FF,,,,,,,,,,,,,,Thunder,NoItem,NoItem,
,,MelgenPriest,UnitTypeEnemy,,,,,,,,,Priest,10,0,,$0126,MelgenPriestName,,GenderFemale,$FF,,,,,,,,,,,,,,PhysicStaff,NoItem,NoItem,
,,MelgenBallistician,UnitTypeEnemy,,,,,,,,,Ballistician,10,0,,$0127,MelgenBallisticianName,,Genderless,$FF,,,,,,,,,,,,,,Ballista,NoItem,NoItem,
,,MelgenBowArmor,UnitTypeEnemy,,,,,,,,,BowArmor,10,0,,$0128,MelgenBowArmorName,,Genderless,$FF,,,,,,,,,,,,,,SteelBow,NoItem,NoItem,
,,Javarro,UnitTypeEnemy,,,,,,,,,Ranger,20,3,,$0129,JavarroName,,Genderless,$02,,,,,,,,,,,,,,SilverSword,NoItem,PI_SkillRing1,
,,JavarroSquadFreeKnight,UnitTypeEnemy,,,,,,,,,FreeKnight,13,0,,$012A,JavarroSquadFreeKnightName,,Genderless,$FF,,,,,,,,,,,,,,SteelSword,NoItem,NoItem,
,,JavarroSquadBowKnight,UnitTypeEnemy,,,,,,,,,BowKnight,13,0,,$012B,JavarroSquadBowKnightName,,Genderless,$FF,,,,,,,,,,,,,,SteelBow,NoItem,NoItem,
,,Bramsel,UnitTypeEnemy,,,,,,,,,General,16,1,,$012C,BramselName,,Genderless,$01,,,,,,,,,,,,,,Ridersbane,NoItem,PI_Ridersbane,
,,DahnaGuardMyrmidon,UnitTypeEnemy,,,,,,,,,Myrmidon,12,0,,$012D,DahnaGuardMyrmidonName,,Genderless,$FF,,,,,,,,,,,,,,SteelBlade,NoItem,NoItem,
,,UlsterUnusedCommanderGeneral,UnitTypeEnemy,,,,,,,,,General,24,1,,$012E,UlsterUnusedCommanderGeneralName,,Genderless,$FF,,,,,,,,,,,,,,SteelAxe,NoItem,NoItem,
,,UlsterUnusedSwordArmor,UnitTypeEnemy,,,,,,,,,SwordArmor,10,0,,$012F,UlsterUnusedSwordArmorName,,Genderless,$FF,,,,,,,,,,,,,,SteelSword,NoItem,NoItem,
,,UlsterUnusedThunderMage1,UnitTypeEnemy,,,,,,,,,ThunderMage,10,0,,$0130,UlsterUnusedThunderMage1Name,,Genderless,$FF,,,,,,,,,,,,,,Elthunder,NoItem,NoItem,
BanbaCh07,,,UnitTypeHoly,52,3,6,10,10,10,10,7,FireMage,22,3,1,$0131,BanbaCh07Name,$82,GenderFemale,$00,0,0,0,0,0,0,0,0,None,None,None,None,None,Elfire,RenewalBand,NoItem,
FotlaCh07,,,UnitTypeHoly,52,3,6,10,10,10,10,7,WindMage,22,3,1,$0132,FotlaCh07Name,$83,GenderFemale,$00,0,0,0,0,0,0,0,0,None,None,None,None,None,Elwind,RenewalBand,NoItem,
EriuCh07,,,UnitTypeHoly,52,3,6,10,10,10,10,7,ThunderMage,22,3,1,$0133,EriuCh07Name,$84,GenderFemale,$00,0,0,0,0,0,0,0,0,None,None,None,None,None,Elthunder,RenewalBand,NoItem,
,,UlsterUnusedThunderMage2,UnitTypeEnemy,,,,,,,,,ThunderMage,12,0,,$0134,UlsterUnusedThunderMage2Name,,Genderless,$FF,,,,,,,,,,,,,,Thunder,NoItem,NoItem,
,,UlsterUnusedFireMage,UnitTypeEnemy,,,,,,,,,FireMage,12,0,,$0135,UlsterUnusedFireMageName,,Genderless,$FF,,,,,,,,,,,,,,Elfire,NoItem,NoItem,
,,UlsterThunderMage,UnitTypeEnemy,,,,,,,,,ThunderMage,12,0,,$0136,UlsterThunderMageName,,Genderless,$FF,,,,,,,,,,,,,,Elthunder,NoItem,NoItem,
,,Muhammad,UnitTypeEnemy,,,,,,,,,General,25,2,,$0137,MuhammadName,,Genderless,$FF,,,,,,,,,,,,,,BraveLance,BraveBow,PI_BraveLance,
,,MuhammadSquadThunderMage,UnitTypeEnemy,,,,,,,,,ThunderMage,18,0,,$0138,MuhammadSquadThunderMageName,,Genderless,$FF,,,,,,,,,,,,,,Elthunder,NoItem,NoItem,
,,MuhammadSquadLanceArmor,UnitTypeEnemy,,,,,,,,,LanceArmor,18,0,,$0139,MuhammadSquadLanceArmorName,,Genderless,$FF,,,,,,,,,,,,,,SteelLance,NoItem,NoItem,
,,MuhammadSquadBowArmor,UnitTypeEnemy,,,,,,,,,BowArmor,18,0,,$013A,MuhammadSquadBowArmorName,,Genderless,$FF,,,,,,,,,,,,,,SteelBow,NoItem,NoItem,
,,MuhammadSquadBishop,UnitTypeEnemy,,,,,,,,,Bishop,22,0,,$013B,MuhammadSquadBishopName,,Genderless,$FF,,,,,,,,,,,,,,Fortify,NoItem,NoItem,
,,Ovo,UnitTypeEnemy,,,,,,,,,MageKnight,22,2,,$013C,OvoName,,Genderless,$FF,,,,,,,,,,,,,,Elthunder,ShieldRing,PI_ShieldRing1,
,,OvoSquadLanceKnight,UnitTypeEnemy,,,,,,,,,LanceKnight,18,0,,$013D,OvoSquadLanceKnightName,,Genderless,$FF,,,,,,,,,,,,,,Javelin,NoItem,NoItem,
,,OvoSquadTroubadour,UnitTypeEnemy,,,,,,,,,Troubadour,18,0,,$013E,OvoSquadTroubadourName,,Genderless,$FF,,,,,,,,,,,,,,SlimSword,MendStaff,NoItem,
,,BrigandCh08,UnitTypeEnemy,,,,,,,,,Brigand,15,1,,$013F,BrigandCh08Name,,Genderless,$FF,,,,,,,,,,,,,,SteelAxe,NoItem,NoItem,
,,ConnachtCommanderThunderMageBridge,UnitTypeEnemy,,,,,,,,,ThunderMage,20,1,,$0140,ConnachtCommanderThunderMageBridgeName,,GenderMale,$FF,,,,,,,,,,,,,,Bolting,Elthunder,NoItem,
,,ConnachtThunderMageBridge,UnitTypeEnemy,,,,,,,,,ThunderMage,18,0,,$0141,ConnachtThunderMageBridgeName,,GenderFemale,$FF,,,,,,,,,,,,,,Bolting,Elthunder,NoItem,
IshtarCh08,,,UnitTypeHoly,42,5,7,12,14,7,7,12,Sage,22,1,1,$0142,IshtarCh08Name,$81,GenderFemale,$00,0,0,0,0,0,0,0,0,None,UnitSkill2Vantage,None,None,MajorThrudBlood,Mjolnir,NoItem,NoItem,
,,ConnachtCommanderGeneralBridge,UnitTypeEnemy,,,,,,,,,General,25,1,,$0143,ConnachtCommanderGeneralBridgeName,,Genderless,$FF,,,,,,,,,,,,,,SilverLance,BraveBow,PI_BraveBow,
,,ConnachtLanceArmorBridge,UnitTypeEnemy,,,,,,,,,LanceArmor,18,0,,$0144,ConnachtLanceArmorBridgeName,,Genderless,$FF,,,,,,,,,,,,,,Javelin,NoItem,NoItem,
BloomCh08,,,UnitTypeHoly,65,9,9,8,7,9,9,3,Baron,25,4,5,$0145,BloomCh08Name,$81,GenderMale,$00,0,0,0,0,0,0,0,0,None,None,None,None,MajorThrudBlood,Bolting,Thoron,NoItem,
,,ConnachtGuardGeneral,UnitTypeEnemy,,,,,,,,,General,20,0,,$0146,ConnachtGuardGeneralName,,Genderless,$FF,,,,,,,,,,,,,,SilverLance,SteelBow,NoItem,
,,MeathCivilianMale,UnitTypeEnemy,,,,,,,,,Civilian,3,0,,$0147,MeathCivilianMaleName,,Genderless,$FF,,,,,,,,,,,,,,NoItem,NoItem,NoItem,
,,MeathCivilianFemale,UnitTypeEnemy,,,,,,,,,Civilian,3,0,,$0148,MeathCivilianFemaleName,,GenderFemale,$FF,,,,,,,,,,,,,,NoItem,NoItem,NoItem,
,,MeathCommanderDragonknightLeonsterCharge,UnitTypeEnemy,,,,,,,,,Dragonknight,19,1,,$0149,MeathCommanderDragonknightLeonsterChargeName,,Genderless,$FF,,,,,,,,,,,,,,SteelLance,SteelSword,NoItem,
,,MeathDragonriderLeonsterCharge,UnitTypeEnemy,,,,,,,,,Dragonrider,16,0,,$014A,MeathDragonriderLeonsterChargeName,,Genderless,$FF,,,,,,,,,,,,,,Javelin,IronSword,NoItem,
,,Coulter,UnitTypeEnemy,,,,,,,,,Dragonknight,19,0,,$014B,CoulterName,,Genderless,$FF,,,,,,,,,,,,,,BraveSword,Javelin,PI_BraveSword1,
,,CoulterSquad,UnitTypeEnemy,,,,,,,,,Dragonrider,12,0,,$014C,CoulterSquadName,,Genderless,$FF,,,,,,,,,,,,,,IronLance,IronSword,NoItem,
,,MeathCommanderDragonknightDefend,UnitTypeEnemy,,,,,,,,,Dragonknight,19,1,,$014D,MeathCommanderDragonknightDefendName,,GenderFemale,$FF,,,,,,,,,,,,,,SteelLance,SteelSword,PI_MiracleSword,
,,MeathDragonriderDefend,UnitTypeEnemy,,,,,,,,,Dragonrider,16,0,,$014E,MeathDragonriderDefendName,,Genderless,$FF,,,,,,,,,,,,,,Javelin,IronSword,NoItem,
,,MeathCommanderIronBallistician,UnitTypeEnemy,,,,,,,,,IronBallistician,20,1,,$014F,MeathCommanderIronBallisticianName,,Genderless,$FF,,,,,,,,,,,,,,IronBallista,NoItem,NoItem,
,,MeathBallistician,UnitTypeEnemy,,,,,,,,,Ballistician,16,0,,$0150,MeathBallisticianName,,Genderless,$FF,,,,,,,,,,,,,,Ballista,NoItem,NoItem,
,,Maykov,UnitTypeEnemy,,,,,,,,,General,24,1,,$0151,MaykovName,,Genderless,$01,,,,,,,,,,,,,,SilverLance,KillerBow,PI_KillerBow,
BanbaCh08,,,UnitTypeHoly,52,3,6,10,10,10,10,7,FireMage,22,3,1,$0152,BanbaCh08Name,$82,GenderFemale,$00,0,0,0,0,0,0,0,0,None,None,None,None,None,Elfire,LegRing,NoItem,
FotlaCh08,,,UnitTypeHoly,52,3,6,10,10,10,10,7,WindMage,22,3,1,$0153,FotlaCh08Name,$83,GenderFemale,$00,0,0,0,0,0,0,0,0,None,None,None,None,None,Elwind,LegRing,NoItem,
EriuCh08,,,UnitTypeHoly,52,3,6,10,10,10,10,7,ThunderMage,22,3,1,$0154,EriuCh08Name,$84,GenderFemale,$00,0,0,0,0,0,0,0,0,None,None,None,None,None,Elthunder,LegRing,NoItem,
,,KapathogiaHighPriest,UnitTypeEnemy,,,,,,,,,HighPriest,22,0,,$0155,KapathogiaHighPriestName,,Genderless,$FF,,,,,,,,,,,,,,Fortify,NoItem,PI_Fortify,
,,KapathogiaLanceArmor,UnitTypeEnemy,,,,,,,,,LanceArmor,19,0,,$0156,KapathogiaLanceArmorName,,Genderless,$FF,,,,,,,,,,,,,,BraveLance,NoItem,NoItem,
,,KapathogiaBowArmor,UnitTypeEnemy,,,,,,,,,BowArmor,19,0,,$0157,KapathogiaBowArmorName,,Genderless,$FF,,,,,,,,,,,,,,BraveBow,NoItem,NoItem,
,,KapathogiaSwordArmor,UnitTypeEnemy,,,,,,,,,SwordArmor,19,0,,$0158,KapathogiaSwordArmorName,,Genderless,$FF,,,,,,,,,,,,,,SleepSword,NoItem,NoItem,
,,AltenaSquadCh09Javelin,UnitTypeEnemy,,,,,,,,,Dragonrider,12,0,,$0159,AltenaSquadCh09JavelinName,,Genderless,$FF,,,,,,,,,,,,,,Javelin,IronSword,NoItem,
,,AltenaSquadCh09SleepSword,UnitTypeEnemy,,,,,,,,,Dragonrider,12,0,,$015A,AltenaSquadCh09SleepSwordName,,Genderless,$FF,,,,,,,,,,,,,,SleepSword,NoItem,NoItem,
,,BrigandCh09,UnitTypeEnemy,,,,,,,,,Brigand,25,1,,$015B,BrigandCh09Name,,Genderless,$FF,,,,,,,,,,,,,,SteelAxe,NoItem,NoItem,
,,Kanatz,UnitTypeEnemy,,,,,,,,,General,20,1,,$015C,KanatzName,,Genderless,$FF,,,,,,,,,,,,,,SilverLance,Javelin,NoItem,
,,Distler,UnitTypeEnemy,,,,,,,,,General,22,1,,$015D,DistlerName,,Genderless,$FF,,,,,,,,,,,,,,SilverLance,Javelin,PI_ReturnBand2,
,,GrutiaUnusedLanceArmor,UnitTypeEnemy,,,,,,,,,LanceArmor,14,1,,$015E,GrutiaUnusedLanceArmorName,,Genderless,$FF,,,,,,,,,,,,,,Javelin,NoItem,NoItem,
,,LutheciaHero,UnitTypeEnemy,,,,,,,,,Hero,20,1,,$015F,LutheciaHeroName,,Genderless,$FF,,,,,,,,,,,,,,SteelBlade,FireSword,NoItem,
,,LutheciaHeroF,UnitTypeEnemy,,,,,,,,,Hero,20,1,,$0160,LutheciaHeroFName,,GenderFemale,$FF,,,,,,,,,,,,,,SteelBlade,ThunderSword,NoItem,
TravantCh09,,,UnitTypeHoly,65,12,4,12,11,12,6,6,Dragonmaster,30,4,1,$0161,TravantCh09Name,$81,GenderMale,$00,0,0,0,0,0,0,0,0,UnitSkill1Nihil,UnitSkill2Vantage,None,MajorDainnBlood,None,SilverLance,PowerRing,PI_PowerRing1,
,,TravantSquadCh09,UnitTypeEnemy,,,,,,,,,Dragonknight,20,0,,$0162,TravantSquadCh09Name,,Genderless,$FF,,,,,,,,,,,,,,Javelin,RenewalBand,NoItem,
,,Judah,UnitTypeEnemy,,,,,,,,,DarkBishop,22,1,,$0163,JudahName,,Genderless,$01,,,,,,,,,,,,,,Fenrir,Jormungandr,NoItem,
,,GrutiaCommanderKillerBallistician,UnitTypeEnemy,,,,,,,,,KillerBallistician,20,1,,$0164,GrutiaCommanderKillerBallisticianName,,Genderless,$FF,,,,,,,,,,,,,,KillerBallista,NoItem,NoItem,
,,GrutiaIronBallistician,UnitTypeEnemy,,,,,,,,,IronBallistician,18,0,,$0165,GrutiaIronBallisticianName,,Genderless,$FF,,,,,,,,,,,,,,IronBallista,NoItem,NoItem,
ArionCh09,,,UnitTypeHoly,70,14,6,15,14,13,9,12,Dragonmaster,27,5,5,$0166,ArionCh09Name,$82,GenderMale,$00,0,0,0,0,0,0,0,0,UnitSkill1Adept | UnitSkill1Nihil,None,None,MajorDainnBlood,None,Gungnir,MiracleBand,PI_MiracleBand,
,,ArionSquadCh09DragonknightSlimLance,UnitTypeEnemy,,,,,,,,,Dragonknight,24,0,,$0167,ArionSquadCh09DragonknightSlimLanceName,,Genderless,$FF,,,,,,,,,,,,,,SlimLance,NoItem,NoItem,
,,ArionSquadCh09DragonknightSleepSword,UnitTypeEnemy,,,,,,,,,Dragonknight,24,0,,$0168,ArionSquadCh09DragonknightSleepSwordName,,Genderless,$FF,,,,,,,,,,,,,,SleepSword,NoItem,NoItem,
,,ThraciaCh09CommanderDragonriderMeathCharge,UnitTypeEnemy,,,,,,,,,Dragonknight,23,3,,$0169,ThraciaCh09CommanderDragonriderMeathChargeName,,Genderless,$FF,,,,,,,,,,,,,,BraveLance,NoItem,NoItem,
,,ThraciaCh09DragonriderMeathCharge,UnitTypeEnemy,,,,,,,,,Dragonrider,15,0,,$016A,ThraciaCh09DragonriderMeathChargeName,,Genderless,$FF,,,,,,,,,,,,,,Javelin,NoItem,NoItem,
,,ThraciaCh09CommanderDragonriderKapathogiaCharge,UnitTypeEnemy,,,,,,,,,Dragonknight,23,3,,$016B,ThraciaCh09CommanderDragonriderKapathogiaChargeName,,Genderless,$FF,,,,,,,,,,,,,,BraveLance,NoItem,NoItem,
,,ThraciaCh09DragonriderKapathogiaCharge,UnitTypeEnemy,,,,,,,,,Dragonrider,15,0,,$016C,ThraciaCh09DragonriderKapathogiaChargeName,,Genderless,$FF,,,,,,,,,,,,,,Javelin,NoItem,NoItem,
,,ThraciaCh09CommanderDragonriderLutheciaCharge,UnitTypeEnemy,,,,,,,,,Dragonknight,23,3,,$016D,ThraciaCh09CommanderDragonriderLutheciaChargeName,,Genderless,$FF,,,,,,,,,,,,,,BraveLance,NoItem,NoItem,
,,ThraciaCh09DragonriderLutheciaCharge,UnitTypeEnemy,,,,,,,,,Dragonrider,15,0,,$016E,ThraciaCh09DragonriderLutheciaChargeName,,Genderless,$FF,,,,,,,,,,,,,,Javelin,NoItem,NoItem,
Musar,,,UnitTypeHoly,65,6,13,9,13,12,12,7,MageKnight,30,3,1,$016F,MusarName,$82,GenderMale,$00,0,0,0,0,0,0,0,0,UnitSkill1Pursuit,None,None,None,MinorForsetiBlood,Tornado,ShieldRing,PI_Tornado,
,,MusarSquadGreatKnight,UnitTypeEnemy,,,,,,,,,GreatKnight,20,0,,$0170,MusarSquadGreatKnightName,,Genderless,$FF,,,,,,,,,,,,,,SilverAxe,NoItem,NoItem,
,,MusarSquadDukeKnight,UnitTypeEnemy,,,,,,,,,DukeKnight,20,0,,$0171,MusarSquadDukeKnightName,,Genderless,$FF,,,,,,,,,,,,,,SilverLance,NoItem,NoItem,
,,MusarSquadRanger,UnitTypeEnemy,,,,,,,,,Ranger,20,0,,$0172,MusarSquadRangerName,,Genderless,$FF,,,,,,,,,,,,,,SilverBlade,NoItem,NoItem,
,,MusarSquadPaladinF,UnitTypeEnemy,,,,,,,,,PaladinF,20,0,,$0173,MusarSquadPaladinFName,,GenderFemale,$FF,,,,,,,,,,,,,,MendStaff,NoItem,NoItem,
Riddell,,,UnitTypeHoly,65,12,4,12,13,12,6,15,Paladin,28,4,0,$0174,RiddellName,$81,GenderMale,$00,0,0,0,0,0,0,0,0,UnitSkill1Pursuit,UnitSkill2Critical,None,None,None,BraveSword,PowerRing,NoItem,
,,RiddellSquadArchKnight,UnitTypeEnemy,,,,,,,,,ArchKnight,22,0,,$0175,RiddellSquadArchKnightName,,Genderless,$FF,,,,,,,,,,,,,,SilverBow,SpeedRing,NoItem,
,,RiddellSquadGreatKnight,UnitTypeEnemy,,,,,,,,,GreatKnight,22,0,,$0176,RiddellSquadGreatKnightName,,Genderless,$FF,,,,,,,,,,,,,,SilverAxe,SpeedRing,NoItem,
,,RiddellSquadMageKnight,UnitTypeEnemy,,,,,,,,,MageKnight,22,0,,$0177,RiddellSquadMageKnightName,,Genderless,$FF,,,,,,,,,,,,,,Elthunder,SpeedRing,NoItem,
,,RiddellSquadDukeKnight,UnitTypeEnemy,,,,,,,,,DukeKnight,22,0,,$0178,RiddellSquadDukeKnightName,,Genderless,$FF,,,,,,,,,,,,,,SilverLance,SpeedRing,NoItem,
,,RiddellSquadTroubadour,UnitTypeEnemy,,,,,,,,,Troubadour,16,0,,$0179,RiddellSquadTroubadourName,,Genderless,$FF,,,,,,,,,,,,,,MendStaff,SpeedRing,NoItem,
,,Morrigan,UnitTypeEnemy,,,,,,,,,DarkBishop,25,2,,$017A,MorriganName,,Genderless,$FF,,,,,,,,,,,,,,Fenrir,Jormungandr,NoItem,
,,RadosDarkMage,UnitTypeEnemy,,,,,,,,,DarkMage,17,0,,$017B,RadosDarkMageName,,Genderless,$FF,,,,,,,,,,,,,,Hel,NoItem,NoItem,
,,PirateCh10,UnitTypeEnemy,,,,,,,,,Pirate,25,1,,$017C,PirateCh10Name,,Genderless,$FF,,,,,,,,,,,,,,SteelAxe,NoItem,NoItem,
HildaCh10,,,UnitTypeHoly,70,7,15,11,12,9,15,5,Queen,27,3,0,$017D,HildaCh10Name,$81,GenderFemale,$00,0,0,0,0,0,0,0,0,UnitSkill1Pursuit,None,None,MinorFjalarBlood,None,Bolganone,SpeedRing,PI_Bolganone,
,,DarkBishopCh10,UnitTypeEnemy,,,,,,,,,DarkBishop,24,2,,$017E,DarkBishopCh10Name,,Genderless,$FF,,,,,,,,,,,,,,Fortify,NoItem,PI_BarrierRing1,
,,DarkMageCh10Jormungandr,UnitTypeEnemy,,,,,,,,,DarkMage,19,0,,$017F,DarkMageCh10JormungandrName,,Genderless,$FF,,,,,,,,,,,,,,Jormungandr,NoItem,NoItem,
,,DarkMageCh10Hel,UnitTypeEnemy,,,,,,,,,DarkMage,19,0,,$0180,DarkMageCh10HelName,,Genderless,$FF,,,,,,,,,,,,,,Hel,NoItem,NoItem,
,,HeroCh10,UnitTypeEnemy,,,,,,,,,Hero,21,0,,$0181,HeroCh10Name,,Genderless,$FF,,,,,,,,,,,,,,SilverSword,NoItem,NoItem,
,,SniperCh10,UnitTypeEnemy,,,,,,,,,Sniper,21,0,,$0182,SniperCh10Name,,Genderless,$FF,,,,,,,,,,,,,,SilverBow,NoItem,NoItem,
,,ChronosChildMale,UnitTypeEnemy,,,,,,,,,Child,1,0,,$0183,ChronosChildMaleName,,GenderMale,$FF,,,,,,,,,,,,,,NoItem,NoItem,NoItem,
,,ChronosChildFemale,UnitTypeEnemy,,,,,,,,,Child,1,0,,$0184,ChronosChildFemaleName,,GenderFemale,$FF,,,,,,,,,,,,,,NoItem,NoItem,NoItem,
,,Zagam,UnitTypeEnemy,,,,,,,,,DarkBishop,27,2,,$0185,ZagamName,,Genderless,$FF,,,,,,,,,,,,,,Fortify,Jormungandr,NoItem,
,,MiletosDarkMageJormungandr,UnitTypeEnemy,,,,,,,,,DarkMage,22,1,,$0186,MiletosDarkMageJormungandrName,,Genderless,$FF,,,,,,,,,,,,,,Jormungandr,NoItem,NoItem,
,,MiletosDarkMageHel,UnitTypeEnemy,,,,,,,,,DarkMage,22,1,,$0187,MiletosDarkMageHelName,,Genderless,$FF,,,,,,,,,,,,,,Hel,NoItem,NoItem,
,,MiletosDarkMageSleep,UnitTypeEnemy,,,,,,,,,DarkMage,22,1,,$0188,MiletosDarkMageSleepName,,Genderless,$FF,,,,,,,,,,,,,,SleepStaff,NoItem,NoItem,
,,MiletosDarkMageFenrir,UnitTypeEnemy,,,,,,,,,DarkMage,22,1,,$0189,MiletosDarkMageFenrirName,,Genderless,$FF,,,,,,,,,,,,,,Fenrir,NoItem,NoItem,
,,MiletosDarkMagePhysic,UnitTypeEnemy,,,,,,,,,DarkMage,22,1,,$018A,MiletosDarkMagePhysicName,,Genderless,$FF,,,,,,,,,,,,,,PhysicStaff,NoItem,NoItem,
,,MiletosHero,UnitTypeEnemy,,,,,,,,,Hero,22,1,,$018B,MiletosHeroName,,Genderless,$FF,,,,,,,,,,,,,,SilverSword,NoItem,NoItem,
,,MiletosSniper,UnitTypeEnemy,,,,,,,,,Sniper,22,1,,$018C,MiletosSniperName,,Genderless,$FF,,,,,,,,,,,,,,SilverBow,NoItem,NoItem,
,,MiletosWarrior,UnitTypeEnemy,,,,,,,,,Warrior,22,1,,$018D,MiletosWarriorName,,Genderless,$FF,,,,,,,,,,,,,,SilverAxe,NoItem,NoItem,
JuliusCh10,,,UnitTypeHoly,80,15,15,15,15,15,15,13,DarkPrince,30,5,0,$018E,JuliusCh10Name,$81,GenderMale,$00,0,0,0,0,0,0,0,0,UnitSkill1Wrath | UnitSkill1Pursuit,UnitSkill2Accost,None,MinorFjalarBlood,MajorLoptousBlood,Loptous,LegRing,PI_LegRing,
IshtarCh10,,,UnitTypeHoly,50,5,13,12,15,7,14,13,Sage,27,5,0,$018F,IshtarCh10Name,$82,GenderFemale,$00,0,0,0,0,0,0,0,0,None,UnitSkill2Vantage,None,None,MajorThrudBlood,Mjolnir,BarrierRing,PI_RenewalBand2,
ArvisCh10,,,UnitTypeHoly,80,12,15,15,15,15,15,4,Emperor,30,5,0,$0190,ArvisCh10Name,$81,GenderMale,$00,0,0,0,0,0,0,0,0,UnitSkill1Nihil,None,None,MajorFjalarBlood,MinorLoptousBlood,Valflame,SilverBlade,NoItem,
,,RotenritterCh10GuardFireMage1,UnitTypeEnemy,,,,,,,,,FireMage,25,0,,$0191,RotenritterCh10GuardFireMage1Name,,Genderless,$FF,,,,,,,,,,,,,,Meteor,Elfire,NoItem,
,,RotenritterCh10HighPriest,UnitTypeEnemy,,,,,,,,,HighPriest,25,0,,$0192,RotenritterCh10HighPriestName,,Genderless,$FF,,,,,,,,,,,,,,Fortify,NoItem,NoItem,
,,RotenritterCh10GuardFireMage2,UnitTypeEnemy,,,,,,,,,FireMage,25,0,,$0193,RotenritterCh10GuardFireMage2Name,,Genderless,$FF,,,,,,,,,,,,,,Meteor,Elfire,NoItem,
,,DarkMageCh10Chalphy,UnitTypeEnemy,,,,,,,,,DarkMage,15,1,,$0194,DarkMageCh10ChalphyName,,Genderless,$FF,,,,,,,,,,,,,,Jormungandr,NoItem,NoItem,
,,Palmarch,UnitTypeEnemy,,,,,,,,,Bishop,20,1,,$0195,PalmarchName,,Genderless,$FF,,,,,,,,,,,,,,MendStaff,NoItem,NoItem,
,,ChalphyChildMale,UnitTypeEnemy,,,,,,,,,Child,1,0,,$0196,ChalphyChildMaleName,,GenderMale,$FF,,,,,,,,,,,,,,NoItem,NoItem,NoItem,
,,ChalphyChildFemale,UnitTypeEnemy,,,,,,,,,Child,1,0,,$0197,ChalphyChildFemaleName,,GenderFemale,$FF,,,,,,,,,,,,,,NoItem,NoItem,NoItem,
,,RotenritterCh10CommanderBaron,UnitTypeEnemy,,,,,,,,,Baron,30,2,,$0198,RotenritterCh10CommanderBaronName,,Genderless,$FF,,,,,,,,,,,,,,SilverLance,Fortify,NoItem,
,,RotenritterCh10LanceArmor,UnitTypeEnemy,,,,,,,,,LanceArmor,25,0,,$0199,RotenritterCh10LanceArmorName,,Genderless,$FF,,,,,,,,,,,,,,BraveLance,NoItem,NoItem,
,,RotenritterCh10BowArmor,UnitTypeEnemy,,,,,,,,,BowArmor,30,0,,$019A,RotenritterCh10BowArmorName,,Genderless,$FF,,,,,,,,,,,,,,BraveBow,NoItem,NoItem,
,,RotenritterCh10CommanderBishop,UnitTypeEnemy,,,,,,,,,Bishop,30,2,,$019B,RotenritterCh10CommanderBishopName,,Genderless,$FF,,,,,,,,,,,,,,SleepStaff,Fortify,NoItem,
,,RotenritterCh10Priest,UnitTypeEnemy,,,,,,,,,Priest,25,0,,$019C,RotenritterCh10PriestName,,Genderless,$FF,,,,,,,,,,,,,,PhysicStaff,NoItem,NoItem,
,,RotenritterCh10ChargeFireMage,UnitTypeEnemy,,,,,,,,,FireMage,30,0,,$019D,RotenritterCh10ChargeFireMageName,,Genderless,$FF,,,,,,,,,,,,,,Elfire,NoItem,NoItem,
,,RotenritterCh10CommanderMageKnight,UnitTypeEnemy,,,,,,,,,MageKnight,30,2,,$019E,RotenritterCh10CommanderMageKnightName,,Genderless,$FF,,,,,,,,,,,,,,Elfire,SlimSword,NoItem,
,,RotenritterCh10ArchKnight,UnitTypeEnemy,,,,,,,,,ArchKnight,25,0,,$019F,RotenritterCh10ArchKnightName,,Genderless,$FF,,,,,,,,,,,,,,SilverBow,NoItem,NoItem,
,,RotenritterCh10GreatKnight,UnitTypeEnemy,,,,,,,,,GreatKnight,25,0,,$01A0,RotenritterCh10GreatKnightName,,Genderless,$FF,,,,,,,,,,,,,,SilverAxe,NoItem,NoItem,
,,RotenritterCh10DukeKnight,UnitTypeEnemy,,,,,,,,,DukeKnight,25,0,,$01A1,RotenritterCh10DukeKnightName,,Genderless,$FF,,,,,,,,,,,,,,SilverLance,NoItem,NoItem,
,,DarkMageCh10SleepStaff,UnitTypeEnemy,,,,,,,,,DarkMage,22,1,,$01A2,DarkMageCh10SleepStaffName,,Genderless,$FF,,,,,,,,,,,,,,SleepStaff,NoItem,NoItem,
,,DarkMageCh10Fenrir,UnitTypeEnemy,,,,,,,,,DarkMage,22,1,,$01A3,DarkMageCh10FenrirName,,Genderless,$FF,,,,,,,,,,,,,,Fenrir,NoItem,NoItem,
Roberto,,,UnitTypeHoly,70,12,9,13,15,12,13,15,Paladin,26,2,0,$01A4,RobertoName,$80,GenderMale,$00,0,0,0,0,0,0,0,0,UnitSkill1Pursuit,UnitSkill2Accost,None,None,None,BraveSword,Javelin,NoItem,
,,RobertoSquadArchKnight,UnitTypeEnemy,,,,,,,,,ArchKnight,21,0,,$01A5,RobertoSquadArchKnightName,,Genderless,$FF,,,,,,,,,,,,,,SilverBow,NoItem,NoItem,
,,RobertoSquadRanger,UnitTypeEnemy,,,,,,,,,Ranger,21,0,,$01A6,RobertoSquadRangerName,,Genderless,$FF,,,,,,,,,,,,,,SilverSword,NoItem,NoItem,
,,RobertoSquadMageKnight,UnitTypeEnemy,,,,,,,,,MageKnight,21,0,,$01A7,RobertoSquadMageKnightName,,Genderless,$FF,,,,,,,,,,,,,,Elfire,NoItem,NoItem,
,,RobertoSquadDukeKnight,UnitTypeEnemy,,,,,,,,,DukeKnight,21,0,,$01A8,RobertoSquadDukeKnightName,,Genderless,$FF,,,,,,,,,,,,,,SilverLance,NoItem,NoItem,
,,RobertoSquadTroubadour,UnitTypeEnemy,,,,,,,,,Troubadour,21,0,,$01A9,RobertoSquadTroubadourName,,Genderless,$FF,,,,,,,,,,,,,,MendStaff,MiracleBand,NoItem,
Boyce,,,UnitTypeHoly,72,14,5,13,12,12,9,11,Swordmaster,27,1,0,$01AA,BoyceName,$82,GenderMale,$00,0,0,0,0,0,0,0,0,None,UnitSkill2Critical | UnitSkill2Sol,None,None,None,SilverSword,ThunderSword,NoItem,
,,BoyceSquadHero,UnitTypeEnemy,,,,,,,,,Hero,25,0,,$01AB,BoyceSquadHeroName,,Genderless,$FF,,,,,,,,,,,,,,SilverSword,NoItem,NoItem,
,,BoyceSquadSniper,UnitTypeEnemy,,,,,,,,,Sniper,25,0,,$01AC,BoyceSquadSniperName,,Genderless,$FF,,,,,,,,,,,,,,SilverBow,NoItem,NoItem,
,,Rodan,UnitTypeEnemy,,,,,,,,,Bishop,28,2,,$01AD,RodanName,,Genderless,$FF,,,,,,,,,,,,,,SleepStaff,Elthunder,NoItem,
,,RodanSquadBishopMeteor,UnitTypeEnemy,,,,,,,,,Bishop,27,0,,$01AE,RodanSquadBishopMeteorName,,Genderless,$FF,,,,,,,,,,,,,,Meteor,Elfire,NoItem,
,,RodanSquadBishopBolting,UnitTypeEnemy,,,,,,,,,Bishop,27,0,,$01AF,RodanSquadBishopBoltingName,,Genderless,$FF,,,,,,,,,,,,,,Bolting,Elthunder,NoItem,
,,RodanSquadHighPriestSleepStaff,UnitTypeEnemy,,,,,,,,,HighPriest,30,0,,$01B0,RodanSquadHighPriestSleepStaffName,,Genderless,$FF,,,,,,,,,,,,,,SleepStaff,Thunder,NoItem,
,,RodanSquadHighPriestFortify,UnitTypeEnemy,,,,,,,,,HighPriest,27,0,,$01B1,RodanSquadHighPriestFortifyName,,GenderFemale,$FF,,,,,,,,,,,,,,Fortify,Fire,NoItem,
,,Juphiel,UnitTypeEnemy,,,,,,,,,DarkBishop,29,1,,$01B2,JuphielName,,Genderless,$01,,,,,,,,,,,,,,Fenrir,Jormungandr,NoItem,
,,DarkMageChFinalFenrir,UnitTypeEnemy,,,,,,,,,DarkMage,20,0,,$01B3,DarkMageChFinalFenrirName,,Genderless,$FF,,,,,,,,,,,,,,Fenrir,Jormungandr,NoItem,
,,DarkMageChFinalSilenceStaff,UnitTypeEnemy,,,,,,,,,DarkMage,20,0,,$01B4,DarkMageChFinalSilenceStaffName,,Genderless,$FF,,,,,,,,,,,,,,SilenceStaff,NoItem,NoItem,
,,Fisher,UnitTypeEnemy,,,,,,,,,GreatKnight,27,2,,$01B5,FisherName,,Genderless,$FF,,,,,,,,,,,,,,SilverAxe,ShieldRing,NoItem,
,,FisherSquadAxeKnightSteelAxe,UnitTypeEnemy,,,,,,,,,AxeKnight,25,0,,$01B6,FisherSquadAxeKnightSteelAxeName,,Genderless,$FF,,,,,,,,,,,,,,SteelAxe,ShieldRing,NoItem,
,,FisherSquadAxeKnightHandAxe,UnitTypeEnemy,,,,,,,,,AxeKnight,25,0,,$01B7,FisherSquadAxeKnightHandAxeName,,Genderless,$FF,,,,,,,,,,,,,,HandAxe,ShieldRing,NoItem,
Brian,,,UnitTypeHoly,80,15,7,12,14,15,10,12,MasterKnight,30,4,0,$01B8,BrianName,$81,GenderMale,$00,0,0,0,0,0,0,0,0,UnitSkill1Pursuit,UnitSkill2Accost,None,MajorNalBlood,None,Helswath,RenewalBand,NoItem,
BrianSquadGreatKnight,,,UnitTypeHoly,70,11,3,7,12,12,8,10,GreatKnight,26,0,0,$01B9,BrianSquadGreatKnightName,$80,GenderMale,$00,0,0,0,0,0,0,0,0,UnitSkill1Pursuit,None,None,None,None,SilverAxe,NoItem,NoItem,
,,BrianSquadTroubadour,UnitTypeEnemy,,,,,,,,,Troubadour,26,0,,$01BA,BrianSquadTroubadourName,,Genderless,$FF,,,,,,,,,,,,,,MendStaff,ShieldRing,NoItem,
,,Dagon,UnitTypeEnemy,,,,,,,,,DarkBishop,29,1,,$01BB,DagonName,,Genderless,$FF,,,,,,,,,,,,,,Fenrir,Jormungandr,NoItem,
Scipio,,,UnitTypeHoly,80,14,3,10,11,12,6,12,MasterKnight,29,3,0,$01BC,ScipioName,$81,GenderMale,$00,0,0,0,0,0,0,0,0,UnitSkill1Pursuit,UnitSkill2Accost,None,None,None,KillerBow,RenewalBand,NoItem,
,,ScipioSquadArchKnight,UnitTypeEnemy,,,,,,,,,ArchKnight,26,0,,$01BD,ScipioSquadArchKnightName,,Genderless,$FF,,,,,,,,,,,,,,BraveBow,NoItem,NoItem,
,,ScipioSquadTroubadour,UnitTypeEnemy,,,,,,,,,Troubadour,26,0,,$01BE,ScipioSquadTroubadourName,,Genderless,$FF,,,,,,,,,,,,,,MendStaff,ShieldRing,NoItem,
HildaChFinal,,,UnitTypeHoly,70,7,15,11,12,9,15,5,Queen,27,3,0,$01BF,HildaChFinalName,$81,GenderFemale,$00,0,0,0,0,0,0,0,0,UnitSkill1Pursuit,None,None,MajorDainnBlood,None,Bolganone,Fortify,NoItem,
,,HildaSquadChFinalBaronThoron,UnitTypeEnemy,,,,,,,,,Baron,25,0,,$01C0,HildaSquadChFinalBaronThoronName,,Genderless,$FF,,,,,,,,,,,,,,Thoron,SilverLance,NoItem,
,,HildaSquadChFinalBaronFortify,UnitTypeEnemy,,,,,,,,,Baron,25,0,,$01C1,HildaSquadChFinalBaronFortifyName,,Genderless,$FF,,,,,,,,,,,,,,Fortify,SilverLance,NoItem,
,,FriegeChFinalDarkBishop,UnitTypeEnemy,,,,,,,,,DarkBishop,25,1,,$01C2,FriegeChFinalDarkBishopName,,Genderless,$FF,,,,,,,,,,,,,,Fenrir,NoItem,NoItem,
,,FriegeChFinalDarkMage,UnitTypeEnemy,,,,,,,,,DarkMage,18,0,,$01C3,FriegeChFinalDarkMageName,,Genderless,$FF,,,,,,,,,,,,,,SleepStaff,NoItem,NoItem,
Manfroy,,,UnitTypeHoly,80,10,14,15,14,13,15,6,DarkBishop,30,4,0,$01C4,ManfroyName,$81,GenderMale,$00,0,0,0,0,0,0,0,0,UnitSkill1Pursuit | UnitSkill1Adept | UnitSkill1Charm,None,None,None,None,Fenrir,Jormungandr,NoItem,
,,VelthomerDarkMage,UnitTypeEnemy,,,,,,,,,DarkMage,30,0,,$01C5,VelthomerDarkMageName,,Genderless,$FF,,,,,,,,,,,,,,Hel,SleepStaff,NoItem,
JuliusChFinal,,,UnitTypeHoly,80,15,10,15,15,15,15,13,DarkPrince,30,3,0,$01C6,JuliusChFinalName,$81,GenderMale,$00,0,0,0,0,0,0,0,0,UnitSkill1Wrath | UnitSkill1Pursuit | UnitSkill1Nihil,UnitSkill2Accost,None,MinorFjalarBlood,MajorLoptousBlood,Loptous,Meteor,NoItem,
Mus,,,UnitTypeHoly,80,13,13,13,13,13,13,4,Baron,30,0,0,$01C7,MusName,$80,GenderMale,$00,0,0,0,0,0,0,0,0,UnitSkill1Pursuit | UnitSkill1Adept,None,None,None,None,SilverLance,NoItem,NoItem,
Bovis,,,UnitTypeHoly,80,13,13,13,13,13,13,4,Hero,30,0,0,$01C8,BovisName,$80,GenderMale,$00,0,0,0,0,0,0,0,0,None,UnitSkill2Critical | UnitSkill2Accost,None,None,None,SilverBlade,NoItem,NoItem,
Tigris,,,UnitTypeHoly,80,13,13,13,13,13,13,4,Warrior,30,0,0,$01C9,TigrisName,$80,GenderMale,$00,0,0,0,0,0,0,0,0,UnitSkill1Wrath | UnitSkill1Pursuit,None,None,None,None,SilverAxe,NoItem,NoItem,
Lepus,,,UnitTypeHoly,80,13,13,13,13,13,13,4,HighPriest,30,0,0,$01CA,LepusName,$80,GenderFemale,$00,0,0,0,0,0,0,0,0,UnitSkill1Miracle,None,UnitSkill3Renewal,None,None,Fortify,NoItem,NoItem,
Draco,,,UnitTypeHoly,80,13,13,13,13,13,13,4,Sniper,30,0,0,$01CB,DracoName,$80,GenderMale,$00,0,0,0,0,0,0,0,0,UnitSkill1Adept,UnitSkill2Accost,None,None,None,KillerBow,NoItem,NoItem,
Anguilla,,,UnitTypeHoly,80,13,13,13,13,13,13,4,WarMageF,30,0,0,$01CC,AnguillaName,$80,GenderFemale,$00,0,0,0,0,0,0,0,0,UnitSkill1Wrath | UnitSkill1Pursuit,None,None,None,MinorThrudBlood,Thoron,NoItem,NoItem,
Equus,,,UnitTypeHoly,80,13,13,13,13,13,13,4,Bishop,30,0,0,$01CD,EquusName,$80,GenderMale,$00,0,0,0,0,0,0,0,0,UnitSkill1Pursuit,UnitSkill2Critical,None,MinorFjalarBlood,None,Bolganone,NoItem,NoItem,
Ovis,,,UnitTypeHoly,80,13,13,13,13,13,13,4,Sage,30,0,0,$01CE,OvisName,$80,GenderMale,$00,0,0,0,0,0,0,0,0,UnitSkill1Pursuit,UnitSkill2Accost,None,None,MinorForsetiBlood,Tornado,NoItem,NoItem,
Simia,,,UnitTypeHoly,80,13,13,13,13,13,13,4,Swordmaster,30,0,0,$01CF,SimiaName,$80,GenderFemale,$00,0,0,0,0,0,0,0,0,None,UnitSkill2Critical,UnitSkill3Renewal,None,None,SilverSword,NoItem,NoItem,
Gallus,,,UnitTypeHoly,80,13,13,13,13,13,13,4,DarkBishop,30,0,0,$01D0,GallusName,$80,GenderMale,$00,0,0,0,0,0,0,0,0,UnitSkill1Pursuit,None,UnitSkill3Renewal,None,None,Hel,NoItem,NoItem,
Canis,,,UnitTypeHoly,80,13,13,13,13,13,13,4,Priestess,30,0,0,$01D1,CanisName,$80,GenderFemale,$00,0,0,0,0,0,0,0,0,UnitSkill1Pursuit,UnitSkill2Critical,None,None,None,Nosferatu,NoItem,NoItem,
Porcus,,,UnitTypeHoly,80,13,13,13,13,13,13,4,Rogue,30,0,0,$01D2,PorcusName,$80,GenderMale,$00,0,0,0,0,0,0,0,0,UnitSkill1Pursuit,UnitSkill2Critical,None,None,None,BraveSword,NoItem,NoItem,
ArionChFinal,,,UnitTypeHoly,70,14,6,15,14,13,9,12,Dragonmaster,27,5,0,$01D3,ArionChFinalName,$81,GenderMale,$00,0,0,0,0,0,0,0,0,UnitSkill1Adept | UnitSkill1Nihil,None,None,MajorDainnBlood,None,Gungnir,NoItem,NoItem,
,,ArionSquadChFinalDragonknight,UnitTypeEnemy,,,,,,,,,Dragonknight,24,0,,$01D4,ArionSquadChFinalDragonknightName,,GenderMale,$FF,,,,,,,,,,,,,,BraveLance,NoItem,NoItem,
IshtarChFinal,,,UnitTypeHoly,70,6,15,15,15,15,15,15,Sage,30,5,0,$01D5,IshtarChFinalName,$82,GenderFemale,$00,0,0,0,0,0,0,0,0,None,UnitSkill2Vantage,None,None,MajorThrudBlood,Mjolnir,BarrierRing,NoItem,
Meng,,,UnitTypeHoly,65,12,6,13,15,15,15,30,FalconKnight,25,4,0,$01D6,MengName,$80,GenderFemale,$00,0,0,0,0,0,0,0,0,UnitSkill1Pursuit | UnitSkill1Nihil,UnitSkill2Critical,None,None,MinorForsetiBlood,EarthSword,LegRing,NoItem,
Mabel,,,UnitTypeHoly,65,12,6,13,15,15,15,30,FalconKnight,25,0,0,$01D7,MabelName,$80,GenderFemale,$00,0,0,0,0,0,0,0,0,UnitSkill1Pursuit | UnitSkill1Nihil,UnitSkill2Critical,None,None,MinorForsetiBlood,EarthSword,LegRing,NoItem,
Bleg,,,UnitTypeHoly,65,12,6,13,15,15,15,30,FalconKnight,25,0,0,$01D8,BlegName,$80,GenderFemale,$00,0,0,0,0,0,0,0,0,UnitSkill1Pursuit | UnitSkill1Nihil,UnitSkill2Critical,None,None,MinorForsetiBlood,EarthSword,LegRing,NoItem,
,,BelhallaHero,UnitTypeEnemy,,,,,,,,,Hero,22,0,,$01D9,BelhallaHeroName,,Genderless,$FF,,,,,,,,,,,,,,BraveSword,NoItem,NoItem,
,,BelhallaSniper,UnitTypeEnemy,,,,,,,,,Sniper,22,0,,$01DA,BelhallaSniperName,,Genderless,$FF,,,,,,,,,,,,,,KillerBow,NoItem,NoItem,
,,BelhallaSage,UnitTypeEnemy,,,,,,,,,Sage,22,0,,$01DB,BelhallaSageName,,Genderless,$FF,,,,,,,,,,,,,,Elwind,NoItem,NoItem,
,,BelhallaHighPriest,UnitTypeEnemy,,,,,,,,,HighPriest,22,0,,$01DC,BelhallaHighPriestName,,Genderless,$FF,,,,,,,,,,,,,,Fortify,NoItem,NoItem,
,,Baran,UnitTypeEnemy,,,,,,,,,DarkBishop,29,1,,$01DD,BaranName,,Genderless,$FF,,,,,,,,,,,,,,Fenrir,Jormungandr,NoItem,
,,KutuzovFenrir,UnitTypeEnemy,,,,,,,,,DarkBishop,20,1,,$01DE,KutuzovFenrirName,,Genderless,$01,,,,,,,,,,,,,,Fenrir,Jormungandr,PI_BargainBand,
,,RogueCh08,UnitTypeEnemy,,,,,,,,,Rogue,25,1,,$01DF,RogueCh08Name,,Genderless,$FF,,,,,,,,,,,,,,Wingclipper,NoItem,NoItem,
,,Gazack,UnitTypeEnemy,,,,,,,,,Fighter,1,0,,$01E0,GazackName,,Genderless,$FF,,,,,,,,,,,,,,IronAxe,HandAxe,NoItem,
,,Crotor,UnitTypeEnemy,,,,,,,,,Mage,4,0,,$01E1,CrotorName,,Genderless,$FF,,,,,,,,,,,,,,Fire,NoItem,NoItem,
,,Wiseman,UnitTypeEnemy,,,,,,,,,LanceKnight,7,0,,$01E2,WisemanName,,Genderless,$FF,,,,,,,,,,,,,,IronLance,Javelin,NoItem,
,,Shark,UnitTypeEnemy,,,,,,,,,Myrmidon,10,0,,$01E3,SharkName,,Genderless,$FF,,,,,,,,,,,,,,SteelSword,NoItem,NoItem,
,,Hood,UnitTypeEnemy,,,,,,,,,Hunter,10,0,,$01E4,HoodName,,Genderless,$FF,,,,,,,,,,,,,,SteelBow,NoItem,NoItem,
,,Bacchus,UnitTypeEnemy,,,,,,,,,AxeArmor,13,0,,$01E5,BacchusName,,Genderless,$FF,,,,,,,,,,,,,,SteelAxe,HandAxe,NoItem,
,,Emir,UnitTypeEnemy,,,,,,,,,WindMage,16,0,,$01E6,EmirName,,Genderless,$FF,,,,,,,,,,,,,,Elwind,SpeedRing,NoItem,
,,DiceCh01,UnitTypeEnemy,,,,,,,,,General,19,0,,$01E7,DiceCh01Name,,Genderless,$FF,,,,,,,,,,,,,,SteelBlade,SteelBow,NoItem,
,,Zero,UnitTypeEnemy,,,,,,,,,Fighter,5,0,,$01E8,ZeroName,,Genderless,$FF,,,,,,,,,,,,,,SteelAxe,HandAxe,NoItem,
,,Mahatma,UnitTypeEnemy,,,,,,,,,FireMage,8,0,,$01E9,MahatmaName,,Genderless,$FF,,,,,,,,,,,,,,Elfire,NoItem,NoItem,
,,Rowan,UnitTypeEnemy,,,,,,,,,LanceKnight,11,0,,$01EA,RowanName,,Genderless,$FF,,,,,,,,,,,,,,SteelLance,Javelin,NoItem,
,,Barcnin,UnitTypeEnemy,,,,,,,,,Myrmidon,14,0,,$01EB,BarcninName,,Genderless,$FF,,,,,,,,,,,,,,SteelSword,NoItem,NoItem,
,,Millet,UnitTypeEnemy,,,,,,,,,Archer,14,0,,$01EC,MilletName,,Genderless,$FF,,,,,,,,,,,,,,SteelBow,NoItem,NoItem,
,,Heltsok,UnitTypeEnemy,,,,,,,,,LanceArmor,17,0,,$01ED,HeltsokName,,Genderless,$FF,,,,,,,,,,,,,,SteelLance,Javelin,NoItem,
,,Chacof,UnitTypeEnemy,,,,,,,,,ThunderMage,20,0,,$01EE,ChacofName,,Genderless,$FF,,,,,,,,,,,,,,Elthunder,ShieldRing,NoItem,
,,KeimosCh02,UnitTypeEnemy,,,,,,,,,Hero,23,0,,$01EF,KeimosCh02Name,,Genderless,$FF,,,,,,,,,,,,,,SteelBlade,NoItem,NoItem,
,,MarilynCh02,UnitTypeEnemy,,,,,,,,,Sniper,23,0,,$01F0,MarilynCh02Name,,GenderFemale,$FF,,,,,,,,,,,,,,SilverBow,NoItem,NoItem,
,,Tyler,UnitTypeEnemy,,,,,,,,,Cavalier,9,0,,$01F1,TylerName,,Genderless,$FF,,,,,,,,,,,,,,SteelSword,NoItem,NoItem,
,,LippCh03,UnitTypeEnemy,,,,,,,,,BowKnight,9,0,,$01F2,LippCh03Name,,Genderless,$FF,,,,,,,,,,,,,,SteelBow,NoItem,NoItem,
,,Pelleo,UnitTypeEnemy,,,,,,,,,AxeKnight,12,0,,$01F3,PelleoName,,Genderless,$FF,,,,,,,,,,,,,,SteelAxe,HandAxe,NoItem,
,,Treville,UnitTypeEnemy,,,,,,,,,Myrmidon,15,0,,$01F4,TrevilleName,,Genderless,$FF,,,,,,,,,,,,,,SteelBlade,NoItem,NoItem,
,,Geller,UnitTypeEnemy,,,,,,,,,BowArmor,15,0,,$01F5,GellerName,,Genderless,$FF,,,,,,,,,,,,,,BraveBow,NoItem,NoItem,
,,Pazan,UnitTypeEnemy,,,,,,,,,LanceArmor,18,0,,$01F6,PazanName,,Genderless,$FF,,,,,,,,,,,,,,SteelLance,Javelin,NoItem,
,,Doma,UnitTypeEnemy,,,,,,,,,DarkMage,21,0,,$01F7,DomaName,,Genderless,$FF,,,,,,,,,,,,,,Jormungandr,ShieldRing,NoItem,
,,Keller,UnitTypeEnemy,,,,,,,,,DukeKnight,24,0,,$01F8,KellerName,,Genderless,$FF,,,,,,,,,,,,,,BraveLance,Javelin,NoItem,
,,ThorntonCh03,UnitTypeEnemy,,,,,,,,,GreatKnight,27,0,,$01F9,ThorntonCh03Name,,Genderless,$FF,,,,,,,,,,,,,,BraveAxe,NoItem,NoItem,
,,MarioCh03,UnitTypeEnemy,,,,,,,,,ArchKnight,27,0,,$01FA,MarioCh03Name,,Genderless,$FF,,,,,,,,,,,,,,BraveBow,NoItem,NoItem,
,,Kemal,UnitTypeEnemy,,,,,,,,,WindMage,13,0,,$01FB,KemalName,,Genderless,$FF,,,,,,,,,,,,,,Elwind,NoItem,NoItem,
,,Kaledin,UnitTypeEnemy,,,,,,,,,Paladin,16,0,,$01FC,KaledinName,,Genderless,$FF,,,,,,,,,,,,,,SteelSword,NoItem,NoItem,
,,Keith,UnitTypeEnemy,,,,,,,,,ArchKnight,16,0,,$01FD,KeithName,,Genderless,$FF,,,,,,,,,,,,,,SteelBow,NoItem,NoItem,
,,Senghor,UnitTypeEnemy,,,,,,,,,Ranger,19,0,,$01FE,SenghorName,,Genderless,$FF,,,,,,,,,,,,,,SteelBlade,FireSword,NoItem,
,,Nikita,UnitTypeEnemy,,,,,,,,,PegasusKnight,22,0,,$01FF,NikitaName,,GenderFemale,$FF,,,,,,,,,,,,,,BraveLance,NoItem,NoItem,
,,Nene,UnitTypeEnemy,,,,,,,,,Archer,22,0,,$0200,NeneName,,GenderFemale,$FF,,,,,,,,,,,,,,SilverBow,NoItem,NoItem,
,,Kraff,UnitTypeEnemy,,,,,,,,,MageKnight,25,0,,$0201,KraffName,,Genderless,$FF,,,,,,,,,,,,,,Elthunder,ShieldRing,NoItem,
,,Niklas,UnitTypeEnemy,,,,,,,,,Warrior,28,0,,$0202,NiklasName,,Genderless,$FF,,,,,,,,,,,,,,BraveAxe,BraveBow,NoItem,
,,AtlasCh04,UnitTypeEnemy,,,,,,,,,Baron,30,0,,$0203,AtlasCh04Name,,Genderless,$FF,,,,,,,,,,,,,,Bolganone,SkillRing,NoItem,
,,Shackal,UnitTypeEnemy,,,,,,,,,Myrmidon,17,0,,$0204,ShackalName,,Genderless,$FF,,,,,,,,,,,,,,SteelSword,NoItem,NoItem,
,,LippCh05,UnitTypeEnemy,,,,,,,,,Archer,17,0,,$0205,LippCh05Name,,Genderless,$FF,,,,,,,,,,,,,,SilverBow,NoItem,NoItem,
,,Greias,UnitTypeEnemy,,,,,,,,,Warrior,20,0,,$0206,GreiasName,,Genderless,$FF,,,,,,,,,,,,,,SteelAxe,HandAxe,NoItem,
,,Geese,UnitTypeEnemy,,,,,,,,,General,23,0,,$0207,GeeseName,,Genderless,$FF,,,,,,,,,,,,,,SteelBlade,SteelBow,NoItem,
,,Lee,UnitTypeEnemy,,,,,,,,,Hero,26,0,,$0208,LeeName,,Genderless,$FF,,,,,,,,,,,,,,ThunderSword,SpeedRing,NoItem,
,,Shisal,UnitTypeEnemy,,,,,,,,,Dragonknight,29,0,,$0209,ShisalName,,Genderless,$FF,,,,,,,,,,,,,,Ridersbane,NoItem,NoItem,
,,Hawks,UnitTypeEnemy,,,,,,,,,Sniper,29,0,,$020A,HawksName,,Genderless,$FF,,,,,,,,,,,,,,KillerBow,ShieldRing,NoItem,
,,Nazarl,UnitTypeEnemy,,,,,,,,,Swordmaster,30,0,,$020B,NazarlName,,Genderless,$FF,,,,,,,,,,,,,,WindSword,ShieldRing,NoItem,
,,Sif,UnitTypeEnemy,,,,,,,,,Rogue,30,0,,$020C,SifName,,Genderless,$FF,,,,,,,,,,,,,,EarthSword,SpeedRing,NoItem,
,,Tolstoy,UnitTypeEnemy,,,,,,,,,Fighter,1,0,,$020D,TolstoyName,,Genderless,$FF,,,,,,,,,,,,,,IronAxe,HandAxe,NoItem,
,,Bottsman,UnitTypeEnemy,,,,,,,,,Mage,4,0,,$020E,BottsmanName,,Genderless,$FF,,,,,,,,,,,,,,Thunder,NoItem,NoItem,
,,Kruger,UnitTypeEnemy,,,,,,,,,LanceKnight,7,0,,$020F,KrugerName,,Genderless,$FF,,,,,,,,,,,,,,SteelLance,Javelin,NoItem,
,,Mannstein,UnitTypeEnemy,,,,,,,,,Myrmidon,10,0,,$0210,MannsteinName,,Genderless,$FF,,,,,,,,,,,,,,IronSword,NoItem,NoItem,
,,Castor,UnitTypeEnemy,,,,,,,,,Hunter,10,0,,$0211,CastorName,,Genderless,$FF,,,,,,,,,,,,,,SteelBow,NoItem,NoItem,
,,Hoepner,UnitTypeEnemy,,,,,,,,,LanceArmor,13,0,,$0212,HoepnerName,,Genderless,$FF,,,,,,,,,,,,,,SteelLance,Javelin,NoItem,
,,Randoch,UnitTypeEnemy,,,,,,,,,Warrior,16,0,,$0213,RandochName,,Genderless,$FF,,,,,,,,,,,,,,SilverAxe,SteelBow,NoItem,
,,Wolfen,UnitTypeEnemy,,,,,,,,,General,19,0,,$0214,WolfenName,,Genderless,$FF,,,,,,,,,,,,,,SilverBlade,SteelBow,NoItem,
,,Dewey,UnitTypeEnemy,,,,,,,,,Fighter,5,0,,$0215,DeweyName,,Genderless,$FF,,,,,,,,,,,,,,IronAxe,HandAxe,NoItem,
,,Fete,UnitTypeEnemy,,,,,,,,,ThunderMage,8,0,,$0216,FeteName,,Genderless,$FF,,,,,,,,,,,,,,Elthunder,ShieldRing,NoItem,
,,Marshach,UnitTypeEnemy,,,,,,,,,Paladin,11,0,,$0217,MarshachName,,Genderless,$FF,,,,,,,,,,,,,,SteelLance,Javelin,NoItem,
,,Luis,UnitTypeEnemy,,,,,,,,,Myrmidon,14,0,,$0218,LuisName,,Genderless,$FF,,,,,,,,,,,,,,SteelSword,NoItem,NoItem,
,,Hester,UnitTypeEnemy,,,,,,,,,Archer,14,0,,$0219,HesterName,,GenderFemale,$FF,,,,,,,,,,,,,,SteelBow,NoItem,NoItem,
,,Malder,UnitTypeEnemy,,,,,,,,,WarMage,17,0,,$021A,MalderName,,Genderless,$FF,,,,,,,,,,,,,,Elfire,ShieldRing,NoItem,
,,Gismot,UnitTypeEnemy,,,,,,,,,General,20,0,,$021B,GismotName,,Genderless,$FF,,,,,,,,,,,,,,SteelAxe,SteelBow,NoItem,
,,XenonCh08,UnitTypeEnemy,,,,,,,,,Swordmaster,23,0,,$021C,XenonCh08Name,,Genderless,$FF,,,,,,,,,,,,,,SilverBlade,NoItem,NoItem,
,,JacksonCh08,UnitTypeEnemy,,,,,,,,,Sniper,23,0,,$021D,JacksonCh08Name,,Genderless,$FF,,,,,,,,,,,,,,SilverBow,NoItem,NoItem,
,,IndraCh09,UnitTypeEnemy,,,,,,,,,Cavalier,9,0,,$021E,IndraCh09Name,,Genderless,$FF,,,,,,,,,,,,,,SteelSword,NoItem,NoItem,
,,Nietzche,UnitTypeEnemy,,,,,,,,,ArchKnight,9,0,,$021F,NietzcheName,,Genderless,$FF,,,,,,,,,,,,,,SilverBow,NoItem,NoItem,
,,Apostole,UnitTypeEnemy,,,,,,,,,AxeKnight,12,0,,$0220,ApostoleName,,Genderless,$FF,,,,,,,,,,,,,,SteelAxe,HandAxe,NoItem,
,,Miller,UnitTypeEnemy,,,,,,,,,Myrmidon,15,0,,$0221,MillerName,,GenderFemale,$FF,,,,,,,,,,,,,,BraveSword,NoItem,NoItem,
,,Cilon,UnitTypeEnemy,,,,,,,,,BowArmor,15,0,,$0222,CilonName,,Genderless,$FF,,,,,,,,,,,,,,BraveBow,NoItem,NoItem,
,,Klain,UnitTypeEnemy,,,,,,,,,LanceArmor,18,0,,$0223,KlainName,,Genderless,$FF,,,,,,,,,,,,,,SteelLance,Javelin,NoItem,
,,Sleighton,UnitTypeEnemy,,,,,,,,,FireMage,21,0,,$0224,SleightonName,,Genderless,$FF,,,,,,,,,,,,,,Elfire,NoItem,NoItem,
,,Triesta,UnitTypeEnemy,,,,,,,,,Dragonknight,24,0,,$0225,TriestaName,,Genderless,$FF,,,,,,,,,,,,,,BraveLance,Javelin,NoItem,
,,CanaanCh09,UnitTypeEnemy,,,,,,,,,Baron,27,0,,$0226,CanaanCh09Name,,Genderless,$FF,,,,,,,,,,,,,,Tornado,MagicRing,NoItem,
,,Hasmann,UnitTypeEnemy,,,,,,,,,WindMage,13,0,,$0227,HasmannName,,Genderless,$FF,,,,,,,,,,,,,,Elwind,NoItem,NoItem,
,,Grants,UnitTypeEnemy,,,,,,,,,Paladin,16,0,,$0228,GrantsName,,Genderless,$FF,,,,,,,,,,,,,,SteelSword,NoItem,NoItem,
,,Closroi,UnitTypeEnemy,,,,,,,,,ArchKnight,16,0,,$0229,ClosroiName,,Genderless,$FF,,,,,,,,,,,,,,SilverBow,NoItem,NoItem,
,,Roland,UnitTypeEnemy,,,,,,,,,Hero,19,0,,$022A,RolandName,,Genderless,$FF,,,,,,,,,,,,,,SilverBlade,WindSword,NoItem,
,,Massigli,UnitTypeEnemy,,,,,,,,,DarkMage,22,0,,$022B,MassigliName,,Genderless,$FF,,,,,,,,,,,,,,Jormungandr,NoItem,NoItem,
,,Riva,UnitTypeEnemy,,,,,,,,,GreatKnight,25,0,,$022C,RivaName,,Genderless,$FF,,,,,,,,,,,,,,SilverAxe,NoItem,NoItem,
,,Gloria,UnitTypeEnemy,,,,,,,,,Sniper,25,0,,$022D,GloriaName,,GenderFemale,$FF,,,,,,,,,,,,,,SilverBow,NoItem,NoItem,
,,Nothe,UnitTypeEnemy,,,,,,,,,DarkBishop,28,0,,$022E,NotheName,,Genderless,$FF,,,,,,,,,,,,,,Jormungandr,ShieldRing,NoItem,
,,IndraCh10,UnitTypeEnemy,,,,,,,,,Queen,30,0,,$022F,IndraCh10Name,,Genderless,$FF,,,,,,,,,,,,,,Bolganone,SpeedRing,NoItem,
,,DiceChFinal,UnitTypeEnemy,,,,,,,,,General,19,0,,$0230,DiceChFinalName,,Genderless,$FF,,,,,,,,,,,,,,SteelBlade,SteelBow,NoItem,
,,KeimosChFinal,UnitTypeEnemy,,,,,,,,,Hero,23,0,,$0231,KeimosChFinalName,,Genderless,$FF,,,,,,,,,,,,,,SteelBlade,NoItem,NoItem,
,,MarilynChFinal,UnitTypeEnemy,,,,,,,,,Sniper,23,0,,$0232,MarilynChFinalName,,GenderFemale,$FF,,,,,,,,,,,,,,SilverBow,NoItem,NoItem,
,,XenonChFinal,UnitTypeEnemy,,,,,,,,,Swordmaster,23,0,,$0233,XenonChFinalName,,Genderless,$FF,,,,,,,,,,,,,,SilverSword,NoItem,NoItem,
,,JacksonChFinal,UnitTypeEnemy,,,,,,,,,Sniper,23,0,,$0234,JacksonChFinalName,,Genderless,$FF,,,,,,,,,,,,,,KillerBow,NoItem,NoItem,
,,ThorntonChFinal,UnitTypeEnemy,,,,,,,,,GreatKnight,27,0,,$0235,ThorntonChFinalName,,Genderless,$FF,,,,,,,,,,,,,,BraveAxe,ShieldRing,NoItem,
,,MarioChFinal,UnitTypeEnemy,,,,,,,,,ArchKnight,27,0,,$0236,MarioChFinalName,,Genderless,$FF,,,,,,,,,,,,,,BraveBow,ShieldRing,NoItem,
,,CanaanChFinal,UnitTypeEnemy,,,,,,,,,Baron,27,0,,$0237,CanaanChFinalName,,Genderless,$FF,,,,,,,,,,,,,,Tornado,MagicRing,NoItem,
,,AtlasChFinal,UnitTypeEnemy,,,,,,,,,Baron,30,0,,$0238,AtlasChFinalName,,Genderless,$FF,,,,,,,,,,,,,,Bolganone,SkillRing,NoItem,
,,Zeus,UnitTypeEnemy,,,,,,,,,Emperor,30,0,,$0239,ZeusName,,Genderless,$FF,,,,,,,,,,,,,,EarthSword,PursuitRing,NoItem,
